model_id,n_concepts,activation,metric,steps_mode,t_alpha,rho,divergence,divergence_abs,error,sign_agreement,n_iter,seconds,success
0,5,sigmoid,frobenius,all,1,1.0,2.377632,6.450048,8.320698e-03,0.150000,19,0.0231,1
0,5,sigmoid,frobenius,all,1,10.0,2.234607,6.062050,1.866349e-03,0.250000,56,0.0274,1
0,5,sigmoid,frobenius,all,1,100.0,1.783882,4.839321,9.610471e-04,0.400000,203,0.0978,1
0,5,sigmoid,frobenius,all,1,1000.0,0.850029,2.305963,2.199846e-04,0.600000,303,0.1479,1
0,5,sigmoid,frobenius,all,1,10000.0,0.391228,1.061324,4.667091e-05,0.850000,291,0.1868,1
0,5,sigmoid,frobenius,half,10,1.0,2.372902,6.437216,6.080380e-03,0.200000,21,0.0160,1
0,5,sigmoid,frobenius,half,10,10.0,2.237918,6.071032,7.724964e-04,0.250000,57,0.0243,1
0,5,sigmoid,frobenius,half,10,100.0,2.146027,5.821748,4.752263e-04,0.250000,102,0.0449,1
0,5,sigmoid,frobenius,half,10,1000.0,1.283426,3.481682,1.416711e-04,0.450000,239,0.1105,1
0,5,sigmoid,frobenius,half,10,10000.0,0.597787,1.621677,3.098168e-05,0.800000,290,0.1218,1
0,5,sigmoid,frobenius,last,20,1.0,2.372899,6.437208,6.079941e-03,0.200000,20,0.0155,1
0,5,sigmoid,frobenius,last,20,10.0,2.237921,6.071040,7.724387e-04,0.250000,57,0.0256,1
0,5,sigmoid,frobenius,last,20,100.0,2.145999,5.821672,4.756914e-04,0.250000,119,0.0611,1
0,5,sigmoid,frobenius,last,20,1000.0,1.283428,3.481689,1.416710e-04,0.450000,194,0.0918,1
0,5,sigmoid,frobenius,last,20,10000.0,0.597787,1.621678,3.098150e-05,0.800000,294,0.1352,1
0,5,sigmoid,nuclear,all,1,1.0,2.304048,6.250429,6.625406e-03,0.300000,22,0.0183,1
0,5,sigmoid,nuclear,all,1,10.0,2.063975,5.599159,1.632941e-03,0.400000,64,0.0367,1
0,5,sigmoid,nuclear,all,1,100.0,1.403866,3.808412,6.808563e-04,0.500000,245,0.1443,1
0,5,sigmoid,nuclear,all,1,1000.0,0.640206,1.736752,1.451957e-04,0.900000,286,0.1601,1
0,5,sigmoid,nuclear,all,1,10000.0,0.299329,0.812020,3.064789e-05,0.900000,432,0.2434,1
0,5,sigmoid,nuclear,half,10,1.0,2.302928,6.247391,5.110587e-03,0.300000,20,0.0139,1
0,5,sigmoid,nuclear,half,10,10.0,2.067298,5.608172,6.717463e-04,0.400000,44,0.0237,1
0,5,sigmoid,nuclear,half,10,100.0,1.856113,5.035269,3.880526e-04,0.350000,119,0.0696,1
0,5,sigmoid,nuclear,half,10,1000.0,1.008857,2.736831,1.035958e-04,0.600000,278,0.1554,1
0,5,sigmoid,nuclear,half,10,10000.0,0.466097,1.264430,2.210053e-05,0.800000,268,0.1514,1
0,5,sigmoid,nuclear,last,20,1.0,2.302927,6.247388,5.110393e-03,0.300000,20,0.0145,1
0,5,sigmoid,nuclear,last,20,10.0,2.067299,5.608175,6.717006e-04,0.400000,44,0.0272,1
0,5,sigmoid,nuclear,last,20,100.0,1.902292,5.160543,4.349937e-04,0.350000,277,0.1548,1
0,5,sigmoid,nuclear,last,20,1000.0,1.008859,2.736837,1.035956e-04,0.600000,293,0.1438,1
0,5,sigmoid,nuclear,last,20,10000.0,0.466096,1.264425,2.210021e-05,0.800000,285,0.1487,1
0,5,sigmoid,spectral,all,1,1.0,2.043048,5.542388,5.194328e-03,0.400000,33,0.0264,1
0,5,sigmoid,spectral,all,1,10.0,2.126340,5.768343,2.033977e-03,0.200000,49,0.0276,1
0,5,sigmoid,spectral,all,1,100.0,1.584342,4.298009,9.379088e-04,0.550000,112,0.0621,1
0,5,sigmoid,spectral,all,1,1000.0,0.829063,2.249086,2.228553e-04,0.850000,293,0.1516,1
0,5,sigmoid,spectral,all,1,10000.0,0.383896,1.041434,4.741338e-05,0.900000,238,0.1168,1
0,5,sigmoid,spectral,half,10,1.0,2.040001,5.534121,4.033264e-03,0.400000,34,0.0248,1
0,5,sigmoid,spectral,half,10,10.0,2.132397,5.784774,1.048135e-03,0.200000,45,0.0211,1
0,5,sigmoid,spectral,half,10,100.0,1.874603,5.085430,5.116885e-04,0.350000,98,0.0488,1
0,5,sigmoid,spectral,half,10,1000.0,1.192812,3.235864,1.541146e-04,0.650000,227,0.1146,1
0,5,sigmoid,spectral,half,10,10000.0,0.580892,1.575846,3.227369e-05,0.850000,215,0.1076,1
0,5,sigmoid,spectral,last,20,1.0,2.040001,5.534121,4.033258e-03,0.400000,34,0.0253,1
0,5,sigmoid,spectral,last,20,10.0,2.132397,5.784772,1.048129e-03,0.200000,45,0.0231,1
0,5,sigmoid,spectral,last,20,100.0,1.874602,5.085427,5.116955e-04,0.350000,99,0.0500,1
0,5,sigmoid,spectral,last,20,1000.0,1.192852,3.235972,1.541231e-04,0.650000,212,0.1089,1
0,5,sigmoid,spectral,last,20,10000.0,0.580890,1.575839,3.227332e-05,0.850000,216,0.1077,1
0,5,tanh,frobenius,all,1,1.0,2.178263,5.909199,1.183936e-01,0.300000,59,0.0235,1
0,5,tanh,frobenius,all,1,10.0,0.916852,2.487240,2.291935e-02,0.800000,151,0.0621,1
0,5,tanh,frobenius,all,1,100.0,0.389581,1.056856,2.872325e-03,0.850000,120,0.0454,1
0,5,tanh,frobenius,all,1,1000.0,0.242247,0.657168,6.672024e-04,0.950000,166,0.0712,1
0,5,tanh,frobenius,all,1,10000.0,0.119999,0.325533,1.575748e-04,1.000000,166,0.0723,1
0,5,tanh,frobenius,half,10,1.0,2.232398,6.056056,1.079175e-01,0.200000,90,0.0368,1
0,5,tanh,frobenius,half,10,10.0,0.999610,2.711745,1.057636e-02,0.800000,333,0.1398,1
0,5,tanh,frobenius,half,10,100.0,0.399484,1.083721,2.681509e-03,0.800000,179,0.0757,1
0,5,tanh,frobenius,half,10,1000.0,0.286210,0.776432,6.210548e-04,0.950000,206,0.0847,1
0,5,tanh,frobenius,half,10,10000.0,0.135559,0.367746,1.332517e-04,1.000000,190,0.0808,1
0,5,tanh,frobenius,last,20,1.0,2.065053,5.602082,1.924791e-02,0.300000,305,0.1255,1
0,5,tanh,frobenius,last,20,10.0,1.819765,4.936663,6.463131e-03,0.300000,570,0.2269,1
0,5,tanh,frobenius,last,20,100.0,1.769519,4.800357,6.134813e-03,0.300000,576,0.2368,1
0,5,tanh,frobenius,last,20,1000.0,1.717738,4.659886,3.177873e-02,0.500000,198,0.0881,1
0,5,tanh,frobenius,last,20,10000.0,0.396042,1.074384,4.109358e-04,0.950000,366,0.1562,1
0,5,tanh,nuclear,all,1,1.0,1.883996,5.110912,1.083267e-01,0.350000,66,0.0300,1
0,5,tanh,nuclear,all,1,10.0,0.654659,1.775961,1.438879e-02,0.850000,125,0.0590,1
0,5,tanh,nuclear,all,1,100.0,0.335924,0.911295,2.344992e-03,0.900000,137,0.0697,1
0,5,tanh,nuclear,all,1,1000.0,0.205277,0.556875,5.339314e-04,1.000000,173,0.0895,1
0,5,tanh,nuclear,all,1,10000.0,0.093879,0.254676,1.189422e-04,1.000000,183,0.0901,1
0,5,tanh,nuclear,half,10,1.0,1.879984,5.100026,1.057853e-01,0.450000,158,0.0862,1
0,5,tanh,nuclear,half,10,10.0,0.848700,2.302355,1.346088e-02,0.700000,248,0.1380,1
0,5,tanh,nuclear,half,10,100.0,0.358801,0.973355,2.184309e-03,0.850000,170,0.0885,1
0,5,tanh,nuclear,half,10,1000.0,0.235970,0.640142,4.725322e-04,1.000000,255,0.1327,1
0,5,tanh,nuclear,half,10,10000.0,0.112378,0.304858,1.022056e-04,1.000000,226,0.1203,1
0,5,tanh,nuclear,last,20,1.0,1.855320,5.033117,5.224334e-02,0.500000,143,0.0827,1
0,5,tanh,nuclear,last,20,10.0,1.762634,4.781680,6.296865e-03,0.350000,452,0.2151,1
0,5,tanh,nuclear,last,20,100.0,0.657523,1.783729,1.387684e-03,0.900000,356,0.1808,1
0,5,tanh,nuclear,last,20,1000.0,0.401256,1.088528,4.147012e-04,0.950000,349,0.2078,1
0,5,tanh,nuclear,last,20,10000.0,0.395182,1.072052,4.108030e-04,0.950000,360,0.1774,1
0,5,tanh,spectral,all,1,1.0,2.021342,5.483503,1.109059e-01,0.250000,66,0.0385,1
0,5,tanh,spectral,all,1,10.0,0.755941,2.050720,1.708670e-02,0.850000,111,0.0674,1
0,5,tanh,spectral,all,1,100.0,0.380776,1.032969,2.789178e-03,0.900000,102,0.0543,1
0,5,tanh,spectral,all,1,1000.0,0.242313,0.657346,6.710156e-04,1.000000,130,0.0668,1
0,5,tanh,spectral,all,1,10000.0,0.120800,0.327706,1.602819e-04,1.000000,143,0.0694,1
0,5,tanh,spectral,half,10,1.0,2.103810,5.707223,1.050773e-01,0.350000,153,0.0852,1
0,5,tanh,spectral,half,10,10.0,1.453393,3.942770,8.577660e-02,0.650000,263,0.1277,1
0,5,tanh,spectral,half,10,100.0,0.571583,1.550592,2.764326e-03,0.900000,226,0.1132,1
0,5,tanh,spectral,half,10,1000.0,0.287068,0.778760,6.365046e-04,0.950000,185,0.0931,1
0,5,tanh,spectral,half,10,10000.0,0.137144,0.372044,1.318406e-04,1.000000,190,0.0964,1
0,5,tanh,spectral,last,20,1.0,1.994959,5.411931,3.103110e-02,0.300000,277,0.1316,1
0,5,tanh,spectral,last,20,10.0,1.890740,5.129206,7.851397e-03,0.250000,435,0.1991,1
0,5,tanh,spectral,last,20,100.0,1.759561,4.773342,6.179692e-03,0.300000,503,0.2445,1
0,5,tanh,spectral,last,20,1000.0,1.718528,4.662028,3.177888e-02,0.500000,207,0.0936,1
0,5,tanh,spectral,last,20,10000.0,0.396758,1.076327,4.116333e-04,0.950000,382,0.2031,1
1,6,sigmoid,frobenius,all,1,1.0,2.127815,7.283584,5.162701e-03,0.333333,16,0.0211,1
1,6,sigmoid,frobenius,all,1,10.0,2.072538,7.094369,2.372972e-03,0.300000,67,0.0383,1
1,6,sigmoid,frobenius,all,1,100.0,1.450794,4.966116,6.888364e-04,0.600000,205,0.1360,1
1,6,sigmoid,frobenius,all,1,1000.0,0.810551,2.774544,1.453111e-04,0.866667,264,0.1546,1
1,6,sigmoid,frobenius,all,1,10000.0,0.438606,1.501362,3.616616e-05,0.966667,213,0.1158,1
1,6,sigmoid,frobenius,half,10,1.0,2.152573,7.368331,4.708641e-03,0.300000,33,0.0264,1
1,6,sigmoid,frobenius,half,10,10.0,2.039879,6.982574,1.061439e-03,0.333333,72,0.0425,1
1,6,sigmoid,frobenius,half,10,100.0,1.870811,6.403849,4.989361e-04,0.433333,236,0.1396,1
1,6,sigmoid,frobenius,half,10,1000.0,1.112145,3.806911,1.136302e-04,0.766667,321,0.1681,1
1,6,sigmoid,frobenius,half,10,10000.0,0.620905,2.125378,2.217222e-05,0.933333,350,0.2047,1
1,6,sigmoid,frobenius,last,20,1.0,2.152575,7.368339,4.708712e-03,0.300000,33,0.0273,1
1,6,sigmoid,frobenius,last,20,10.0,2.039877,6.982570,1.061381e-03,0.333333,71,0.0410,1
1,6,sigmoid,frobenius,last,20,100.0,1.870785,6.403761,4.988955e-04,0.433333,256,0.1537,1
1,6,sigmoid,frobenius,last,20,1000.0,1.112170,3.806998,1.136341e-04,0.766667,359,0.1861,1
1,6,sigmoid,frobenius,last,20,10000.0,0.620904,2.125377,2.217219e-05,0.933333,314,0.1684,1
1,6,sigmoid,nuclear,all,1,1.0,1.897163,6.494054,4.226711e-03,0.433333,25,0.0155,1
1,6,sigmoid,nuclear,all,1,10.0,1.857609,6.358661,1.720759e-03,0.366667,98,0.0609,1
1,6,sigmoid,nuclear,all,1,100.0,1.188302,4.067598,4.818554e-04,0.733333,317,0.1785,1
1,6,sigmoid,nuclear,all,1,1000.0,0.671781,2.299529,1.153969e-04,0.833333,429,0.2497,1
1,6,sigmoid,nuclear,all,1,10000.0,0.294356,1.007589,2.498447e-05,0.933333,367,0.2006,1
1,6,sigmoid,nuclear,half,10,1.0,1.894719,6.485688,3.067784e-03,0.433333,29,0.0180,1
1,6,sigmoid,nuclear,half,10,10.0,2.035992,6.969270,8.511427e-04,0.300000,99,0.0594,1
1,6,sigmoid,nuclear,half,10,100.0,1.498569,5.129654,3.182985e-04,0.600000,237,0.1420,1
1,6,sigmoid,nuclear,half,10,1000.0,0.856392,2.931459,7.449626e-05,0.800000,345,0.1892,1
1,6,sigmoid,nuclear,half,10,10000.0,0.461655,1.580259,1.651266e-05,0.900000,560,0.2980,1
1,6,sigmoid,nuclear,last,20,1.0,1.894723,6.485702,3.068056e-03,0.433333,29,0.0187,1
1,6,sigmoid,nuclear,last,20,10.0,2.030676,6.951075,8.471927e-04,0.300000,85,0.0518,1
1,6,sigmoid,nuclear,last,20,100.0,1.502197,5.142072,3.372989e-04,0.533333,323,0.1857,1
1,6,sigmoid,nuclear,last,20,1000.0,0.856395,2.931469,7.449661e-05,0.800000,336,0.1877,1
1,6,sigmoid,nuclear,last,20,10000.0,0.461654,1.580257,1.651264e-05,0.900000,489,0.2791,1
1,6,sigmoid,spectral,all,1,1.0,2.010644,6.882504,1.236217e-02,0.433333,22,0.0136,1
1,6,sigmoid,spectral,all,1,10.0,1.764519,6.040008,1.918005e-03,0.533333,62,0.0365,1
1,6,sigmoid,spectral,all,1,100.0,1.305975,4.470397,6.352786e-04,0.633333,136,0.0743,1
1,6,sigmoid,spectral,all,1,1000.0,0.805761,2.758148,1.628416e-04,0.866667,222,0.1348,1
1,6,sigmoid,spectral,all,1,10000.0,0.438243,1.500122,3.618768e-05,0.966667,206,0.1215,1
1,6,sigmoid,spectral,half,10,1.0,2.012295,6.888154,1.142032e-02,0.433333,22,0.0135,1
1,6,sigmoid,spectral,half,10,10.0,1.760082,6.024822,8.362991e-04,0.533333,45,0.0263,1
1,6,sigmoid,spectral,half,10,100.0,1.891409,6.474359,5.589535e-04,0.366667,316,0.2013,1
1,6,sigmoid,spectral,half,10,1000.0,1.001870,3.429436,9.324294e-05,0.833333,303,0.1846,1
1,6,sigmoid,spectral,half,10,10000.0,0.586245,2.006736,2.200562e-05,0.933333,349,0.2034,1
1,6,sigmoid,spectral,last,20,1.0,2.012297,6.888163,1.142047e-02,0.433333,22,0.0128,1
1,6,sigmoid,spectral,last,20,10.0,1.760082,6.024821,8.362990e-04,0.533333,45,0.0357,1
1,6,sigmoid,spectral,last,20,100.0,1.827058,6.254083,5.391697e-04,0.400000,108,0.1046,1
1,6,sigmoid,spectral,last,20,1000.0,1.014927,3.474131,1.018298e-04,0.800000,148,0.0930,1
1,6,sigmoid,spectral,last,20,10000.0,0.586250,2.006755,2.200614e-05,0.933333,355,0.2171,1
1,6,tanh,frobenius,all,1,1.0,1.871230,6.405284,6.067203e-02,0.366667,173,0.0795,1
1,6,tanh,frobenius,all,1,10.0,1.135199,3.885825,9.874924e-03,0.700000,218,0.0924,1
1,6,tanh,frobenius,all,1,100.0,0.656783,2.248191,2.999562e-03,0.833333,301,0.1316,1
1,6,tanh,frobenius,all,1,1000.0,0.260934,0.893185,4.328147e-04,0.966667,289,0.1298,1
1,6,tanh,frobenius,all,1,10000.0,0.140755,0.481810,1.009257e-04,1.000000,384,0.1745,1
1,6,tanh,frobenius,half,10,1.0,1.957212,6.699605,4.929248e-02,0.366667,148,0.0653,1
1,6,tanh,frobenius,half,10,10.0,1.293480,4.427628,6.349760e-03,0.700000,374,0.1684,1
1,6,tanh,frobenius,half,10,100.0,0.758594,2.596692,1.603284e-03,0.766667,444,0.2103,1
1,6,tanh,frobenius,half,10,1000.0,0.371238,1.270761,3.443468e-04,0.900000,445,0.1993,1
1,6,tanh,frobenius,half,10,10000.0,0.183795,0.629138,7.109038e-05,0.966667,498,0.2417,1
1,6,tanh,frobenius,last,20,1.0,2.105614,7.207588,2.323274e-02,0.300000,430,0.2304,1
1,6,tanh,frobenius,last,20,10.0,1.712815,5.863024,8.398923e-03,0.433333,553,0.2414,1
1,6,tanh,frobenius,last,20,100.0,1.230661,4.212594,2.350884e-03,0.566667,739,0.3183,1
1,6,tanh,frobenius,last,20,1000.0,1.768426,6.053382,7.327033e-03,0.466667,777,0.3526,1
1,6,tanh,frobenius,last,20,10000.0,1.939466,6.638860,7.799002e-03,0.233333,855,0.3737,1
1,6,tanh,nuclear,all,1,1.0,1.502283,5.142366,4.286781e-02,0.600000,162,0.0799,1
1,6,tanh,nuclear,all,1,10.0,1.021602,3.496980,8.782728e-03,0.633333,305,0.1447,1
1,6,tanh,nuclear,all,1,100.0,0.420659,1.439930,1.600109e-03,0.800000,307,0.1476,1
1,6,tanh,nuclear,all,1,1000.0,0.192336,0.658374,2.736634e-04,0.966667,287,0.1536,1
1,6,tanh,nuclear,all,1,10000.0,0.111502,0.381676,7.162526e-05,1.000000,364,0.2509,1
1,6,tanh,nuclear,half,10,1.0,1.829095,6.261055,4.121252e-02,0.466667,130,0.0764,1
1,6,tanh,nuclear,half,10,10.0,1.128757,3.863772,5.497856e-03,0.700000,329,0.1614,1
1,6,tanh,nuclear,half,10,100.0,0.647285,2.215680,1.181347e-03,0.766667,404,0.1994,1
1,6,tanh,nuclear,half,10,1000.0,0.314950,1.078083,2.289262e-04,0.900000,664,0.3163,1
1,6,tanh,nuclear,half,10,10000.0,0.151658,0.519131,4.874122e-05,1.000000,608,0.2856,1
1,6,tanh,nuclear,last,20,1.0,1.862996,6.377100,1.200181e-02,0.366667,430,0.2084,1
1,6,tanh,nuclear,last,20,10.0,1.637561,5.605427,4.952192e-03,0.500000,1000,0.4633,0
1,6,tanh,nuclear,last,20,100.0,1.139997,3.902249,3.064273e-03,0.700000,763,0.3745,1
1,6,tanh,nuclear,last,20,1000.0,1.911981,6.544777,5.814862e-03,0.233333,943,0.4787,1
1,6,tanh,nuclear,last,20,10000.0,1.768035,6.052043,7.327014e-03,0.466667,727,0.3731,1
1,6,tanh,spectral,all,1,1.0,1.706261,5.840591,4.799308e-02,0.500000,138,0.0709,1
1,6,tanh,spectral,all,1,10.0,0.992275,3.396593,1.171458e-02,0.633333,123,0.0563,1
1,6,tanh,spectral,all,1,100.0,0.639906,2.190421,2.933313e-03,0.866667,214,0.1064,1
1,6,tanh,spectral,all,1,1000.0,0.266629,0.912679,4.729160e-04,0.966667,295,0.1447,1
1,6,tanh,spectral,all,1,10000.0,0.134266,0.459598,9.729601e-05,1.000000,334,0.1630,1
1,6,tanh,spectral,half,10,1.0,1.939603,6.639328,4.977024e-02,0.366667,249,0.1244,1
1,6,tanh,spectral,half,10,10.0,1.150284,3.937463,4.719728e-03,0.733333,323,0.1518,1
1,6,tanh,spectral,half,10,100.0,0.653812,2.238021,1.410092e-03,0.866667,383,0.1856,1
1,6,tanh,spectral,half,10,1000.0,0.363294,1.243567,4.938145e-04,0.900000,438,0.2305,1
1,6,tanh,spectral,half,10,10000.0,0.188672,0.645830,8.099478e-05,1.000000,588,0.2942,1
1,6,tanh,spectral,last,20,1.0,1.944815,6.657167,2.321213e-02,0.433333,687,0.3503,1
1,6,tanh,spectral,last,20,10.0,1.751888,5.996774,8.529053e-03,0.466667,672,0.3161,1
1,6,tanh,spectral,last,20,100.0,1.722654,5.896703,9.615102e-03,0.500000,1000,0.5275,0
1,6,tanh,spectral,last,20,1000.0,1.932198,6.613980,6.535283e-03,0.233333,763,0.4165,1
1,6,tanh,spectral,last,20,10000.0,1.939464,6.638851,7.799003e-03,0.233333,761,0.4112,1
2,7,sigmoid,frobenius,all,1,1.0,2.179690,8.800401,5.625488e-03,0.309524,58,0.0397,1
2,7,sigmoid,frobenius,all,1,10.0,2.027449,8.185736,2.006855e-03,0.380952,124,0.0753,1
2,7,sigmoid,frobenius,all,1,100.0,1.472792,5.946334,6.305694e-04,0.547619,570,0.3449,1
2,7,sigmoid,frobenius,all,1,1000.0,0.799873,3.229451,1.082875e-04,0.857143,415,0.3089,1
2,7,sigmoid,frobenius,all,1,10000.0,0.449351,1.814233,2.734207e-05,0.952381,245,0.1517,1
2,7,sigmoid,frobenius,half,10,1.0,2.167475,8.751087,4.164899e-03,0.333333,41,0.0295,1
2,7,sigmoid,frobenius,half,10,10.0,2.024578,8.174146,8.458868e-04,0.428571,78,0.0494,1
2,7,sigmoid,frobenius,half,10,100.0,1.776331,7.171857,4.457923e-04,0.452381,151,0.1053,1
2,7,sigmoid,frobenius,half,10,1000.0,1.113575,4.496010,8.070586e-05,0.714286,792,0.5181,1
2,7,sigmoid,frobenius,half,10,10000.0,0.588191,2.374797,1.690316e-05,0.904762,738,0.4187,1
2,7,sigmoid,frobenius,last,20,1.0,2.176096,8.785893,4.477449e-03,0.333333,58,0.0339,1
2,7,sigmoid,frobenius,last,20,10.0,2.024578,8.174145,8.458844e-04,0.428571,77,0.0401,1
2,7,sigmoid,frobenius,last,20,100.0,1.781103,7.191127,4.322360e-04,0.547619,168,0.1118,1
2,7,sigmoid,frobenius,last,20,1000.0,1.112406,4.491292,8.051139e-05,0.714286,799,0.4324,1
2,7,sigmoid,frobenius,last,20,10000.0,0.588192,2.374800,1.690322e-05,0.904762,701,0.3809,1
2,7,sigmoid,nuclear,all,1,1.0,2.077926,8.389534,3.727394e-03,0.404762,77,0.0423,1
2,7,sigmoid,nuclear,all,1,10.0,1.867296,7.539127,1.582397e-03,0.452381,172,0.1027,1
2,7,sigmoid,nuclear,all,1,100.0,1.157084,4.671677,4.117937e-04,0.738095,714,0.4189,1
2,7,sigmoid,nuclear,all,1,1000.0,0.643512,2.598152,9.466884e-05,0.904762,893,0.5128,1
2,7,sigmoid,nuclear,all,1,10000.0,0.308669,1.246238,2.060968e-05,0.976190,1000,0.6025,0
2,7,sigmoid,nuclear,half,10,1.0,2.059991,8.317122,2.186540e-03,0.404762,56,0.0330,1
2,7,sigmoid,nuclear,half,10,10.0,1.953636,7.887719,8.402316e-04,0.452381,90,0.0516,1
2,7,sigmoid,nuclear,half,10,100.0,1.554577,6.276537,2.832269e-04,0.595238,614,0.3589,1
2,7,sigmoid,nuclear,half,10,1000.0,0.897273,3.622700,6.328637e-05,0.809524,734,0.4229,1
2,7,sigmoid,nuclear,half,10,10000.0,0.471389,1.903214,1.411801e-05,1.000000,1000,0.5803,0
2,7,sigmoid,nuclear,last,20,1.0,2.059990,8.317117,2.186537e-03,0.404762,55,0.0328,1
2,7,sigmoid,nuclear,last,20,10.0,1.954418,7.890876,8.412847e-04,0.452381,119,0.0705,1
2,7,sigmoid,nuclear,last,20,100.0,1.554587,6.276576,2.832333e-04,0.595238,495,0.2893,1
2,7,sigmoid,nuclear,last,20,1000.0,0.897279,3.622725,6.328150e-05,0.809524,805,0.5008,1
2,7,sigmoid,nuclear,last,20,10000.0,0.468729,1.892473,1.408982e-05,1.000000,1000,0.6236,0
2,7,sigmoid,spectral,all,1,1.0,1.941591,7.839089,3.577075e-03,0.476190,48,0.0349,1
2,7,sigmoid,spectral,all,1,10.0,1.855177,7.490196,1.850522e-03,0.500000,99,0.0601,1
2,7,sigmoid,spectral,all,1,100.0,1.365967,5.515034,5.868629e-04,0.738095,275,0.1827,1
2,7,sigmoid,spectral,all,1,1000.0,0.721493,2.912997,1.012306e-04,0.928571,320,0.2036,1
2,7,sigmoid,spectral,all,1,10000.0,0.449256,1.813850,2.735087e-05,0.952381,289,0.1792,1
2,7,sigmoid,spectral,half,10,1.0,1.940994,7.836680,2.574907e-03,0.476190,58,0.0379,1
2,7,sigmoid,spectral,half,10,10.0,1.882380,7.600025,7.516682e-04,0.476190,75,0.0450,1
2,7,sigmoid,spectral,half,10,100.0,1.694584,6.841808,4.308993e-04,0.523810,231,0.1409,1
2,7,sigmoid,spectral,half,10,1000.0,1.101458,4.447087,8.194221e-05,0.714286,686,0.4608,1
2,7,sigmoid,spectral,half,10,10000.0,0.584184,2.358616,1.683827e-05,0.904762,577,0.3599,1
2,7,sigmoid,spectral,last,20,1.0,1.940994,7.836679,2.574858e-03,0.476190,54,0.0387,1
2,7,sigmoid,spectral,last,20,10.0,1.882380,7.600029,7.516709e-04,0.476190,74,0.0504,1
2,7,sigmoid,spectral,last,20,100.0,1.694572,6.841760,4.308912e-04,0.523810,218,0.1550,1
2,7,sigmoid,spectral,last,20,1000.0,1.101449,4.447053,8.194240e-05,0.714286,682,0.5503,1
2,7,sigmoid,spectral,last,20,10000.0,0.584184,2.358617,1.683831e-05,0.904762,555,0.3543,1
2,7,tanh,frobenius,all,1,1.0,1.826627,7.374926,5.554614e-02,0.500000,286,0.1377,1
2,7,tanh,frobenius,all,1,10.0,1.105901,4.465027,1.363077e-02,0.785714,412,0.2088,1
2,7,tanh,frobenius,all,1,100.0,0.454117,1.833476,2.915268e-03,0.952381,579,0.2896,1
2,7,tanh,frobenius,all,1,1000.0,0.210292,0.849045,5.455059e-04,0.976190,545,0.2815,1
2,7,tanh,frobenius,all,1,10000.0,0.100748,0.406766,1.202464e-04,0.952381,763,0.4104,1
2,7,tanh,frobenius,half,10,1.0,2.179645,8.800222,5.834548e-02,0.261905,427,0.2135,1
2,7,tanh,frobenius,half,10,10.0,1.547117,6.246418,3.711208e-02,0.619048,490,0.2191,1
2,7,tanh,frobenius,half,10,100.0,0.847912,3.423406,2.900670e-02,0.880952,607,0.2766,1
2,7,tanh,frobenius,half,10,1000.0,0.624601,2.521798,2.869091e-02,0.928571,615,0.2776,1
2,7,tanh,frobenius,half,10,10000.0,0.620682,2.505976,2.868953e-02,0.928571,577,0.2504,1
2,7,tanh,frobenius,last,20,1.0,2.056497,8.303016,1.286342e-02,0.285714,919,0.4043,1
2,7,tanh,frobenius,last,20,10.0,1.740642,7.027765,6.585576e-03,0.428571,1000,0.4536,0
2,7,tanh,frobenius,last,20,100.0,1.151215,4.647979,4.502644e-03,0.690476,1000,0.4516,0
2,7,tanh,frobenius,last,20,1000.0,1.032852,4.170095,3.892631e-03,0.714286,1000,0.4735,0
2,7,tanh,frobenius,last,20,10000.0,1.467397,5.924550,5.880271e-03,0.547619,1000,0.4691,0
2,7,tanh,nuclear,all,1,1.0,1.498485,6.050066,3.594784e-02,0.547619,501,0.2647,1
2,7,tanh,nuclear,all,1,10.0,0.772087,3.117266,8.274967e-03,0.880952,740,0.3896,1
2,7,tanh,nuclear,all,1,100.0,0.337496,1.362626,1.737319e-03,0.976190,566,0.3264,1
2,7,tanh,nuclear,all,1,1000.0,0.154527,0.623896,3.691555e-04,1.000000,441,0.2509,1
2,7,tanh,nuclear,all,1,10000.0,0.072528,0.292827,7.836710e-05,1.000000,534,0.2991,1
2,7,tanh,nuclear,half,10,1.0,1.808422,7.301423,5.615336e-02,0.476190,212,0.1135,1
2,7,tanh,nuclear,half,10,10.0,1.175880,4.747564,3.367558e-02,0.761905,534,0.2692,1
2,7,tanh,nuclear,half,10,100.0,0.632142,2.552244,2.876864e-02,0.928571,539,0.2775,1
2,7,tanh,nuclear,half,10,1000.0,0.522172,2.108245,2.898949e-02,0.928571,673,0.3491,1
2,7,tanh,nuclear,half,10,10000.0,0.620335,2.504575,2.868953e-02,0.928571,557,0.2908,1
2,7,tanh,nuclear,last,20,1.0,1.980470,7.996061,1.233371e-02,0.261905,1000,0.5179,0
2,7,tanh,nuclear,last,20,10.0,1.491376,6.021367,5.303737e-03,0.523810,1000,0.5495,0
2,7,tanh,nuclear,last,20,100.0,1.104043,4.457525,3.948442e-03,0.690476,1000,0.5048,0
2,7,tanh,nuclear,last,20,1000.0,1.333358,5.383375,6.291079e-03,0.571429,1000,0.5065,0
2,7,tanh,nuclear,last,20,10000.0,1.466188,5.919670,5.880294e-03,0.547619,1000,0.5291,0
2,7,tanh,spectral,all,1,1.0,1.582140,6.387823,3.932462e-02,0.619048,183,0.0959,1
2,7,tanh,spectral,all,1,10.0,1.143576,4.617137,1.883277e-02,0.714286,410,0.2142,1
2,7,tanh,spectral,all,1,100.0,0.474988,1.917742,3.181929e-03,0.928571,372,0.2061,1
2,7,tanh,spectral,all,1,1000.0,0.210119,0.848345,5.928745e-04,0.952381,571,0.3043,1
2,7,tanh,spectral,all,1,10000.0,0.098431,0.397412,1.272182e-04,1.000000,537,0.2949,1
2,7,tanh,spectral,half,10,1.0,1.938898,7.828214,6.102972e-02,0.380952,209,0.1093,1
2,7,tanh,spectral,half,10,10.0,1.131354,4.567794,1.013623e-02,0.714286,808,0.4097,1
2,7,tanh,spectral,half,10,100.0,1.134468,4.580366,3.591610e-02,0.690476,963,0.4961,1
2,7,tanh,spectral,half,10,1000.0,0.627540,2.533665,2.869609e-02,0.928571,596,0.2977,1
2,7,tanh,spectral,half,10,10000.0,0.520008,2.099510,2.898731e-02,0.928571,792,0.4290,1
2,7,tanh,spectral,last,20,1.0,1.949194,7.869787,1.947063e-02,0.452381,659,0.3493,1
2,7,tanh,spectral,last,20,10.0,1.695043,6.843662,9.555188e-03,0.476190,1000,0.5092,0
2,7,tanh,spectral,last,20,100.0,1.362092,5.499385,6.534912e-03,0.547619,1000,0.5211,0
2,7,tanh,spectral,last,20,1000.0,1.034636,4.177298,3.895467e-03,0.714286,1000,0.5036,0
2,7,tanh,spectral,last,20,10000.0,1.466942,5.922715,5.880225e-03,0.547619,1000,0.5384,0
3,8,sigmoid,frobenius,all,1,1.0,2.379135,10.231009,4.794716e-03,0.285714,69,0.0413,1
3,8,sigmoid,frobenius,all,1,10.0,2.278932,9.800105,2.486687e-03,0.357143,153,0.0922,1
3,8,sigmoid,frobenius,all,1,100.0,1.507780,6.483919,6.542583e-04,0.607143,387,0.2279,1
3,8,sigmoid,frobenius,all,1,1000.0,0.802321,3.450228,1.244282e-04,0.910714,518,0.2888,1
3,8,sigmoid,frobenius,all,1,10000.0,0.391653,1.684227,2.569118e-05,0.964286,518,0.3038,1
3,8,sigmoid,frobenius,half,10,1.0,2.348247,10.098183,2.121277e-03,0.285714,39,0.0227,1
3,8,sigmoid,frobenius,half,10,10.0,2.295379,9.870833,1.097078e-03,0.285714,120,0.0667,1
3,8,sigmoid,frobenius,half,10,100.0,1.785861,7.679751,3.245038e-04,0.607143,535,0.3118,1
3,8,sigmoid,frobenius,half,10,1000.0,1.120384,4.817994,7.410701e-05,0.767857,856,0.4970,1
3,8,sigmoid,frobenius,half,10,10000.0,0.617200,2.654149,1.661037e-05,0.910714,1000,0.5311,0
3,8,sigmoid,frobenius,last,20,1.0,2.348247,10.098182,2.121313e-03,0.285714,39,0.0215,1
3,8,sigmoid,frobenius,last,20,10.0,2.295377,9.870826,1.097115e-03,0.285714,131,0.0757,1
3,8,sigmoid,frobenius,last,20,100.0,1.862747,8.010382,3.568672e-04,0.517857,747,0.4476,1
3,8,sigmoid,frobenius,last,20,1000.0,1.120667,4.819210,7.409903e-05,0.767857,796,0.4972,1
3,8,sigmoid,frobenius,last,20,10000.0,0.617209,2.654189,1.661094e-05,0.910714,1000,0.5670,0
3,8,sigmoid,nuclear,all,1,1.0,2.267493,9.750915,2.964516e-03,0.357143,103,0.0735,1
3,8,sigmoid,nuclear,all,1,10.0,1.921686,8.263840,1.707805e-03,0.428571,378,0.2529,1
3,8,sigmoid,nuclear,all,1,100.0,1.128030,4.850874,3.902203e-04,0.678571,870,0.6580,1
3,8,sigmoid,nuclear,all,1,1000.0,0.578147,2.486209,8.457223e-05,0.892857,1000,0.7390,0
3,8,sigmoid,nuclear,all,1,10000.0,0.280776,1.207424,1.887818e-05,0.964286,1000,0.6657,0
3,8,sigmoid,nuclear,half,10,1.0,2.254370,9.694484,1.286434e-03,0.357143,71,0.0448,1
3,8,sigmoid,nuclear,half,10,10.0,2.204422,9.479689,9.468036e-04,0.357143,167,0.1096,1
3,8,sigmoid,nuclear,half,10,100.0,1.521870,6.544510,2.542116e-04,0.589286,1000,0.6048,0
3,8,sigmoid,nuclear,half,10,1000.0,0.929243,3.996029,5.691800e-05,0.767857,1000,0.6121,0
3,8,sigmoid,nuclear,half,10,10000.0,0.467070,2.008545,1.217811e-05,0.875000,1000,0.6102,0
3,8,sigmoid,nuclear,last,20,1.0,2.254370,9.694482,1.286532e-03,0.357143,65,0.0375,1
3,8,sigmoid,nuclear,last,20,10.0,2.190186,9.418473,9.494338e-04,0.357143,82,0.0535,1
3,8,sigmoid,nuclear,last,20,100.0,1.518298,6.529146,2.559082e-04,0.607143,1000,0.5961,0
3,8,sigmoid,nuclear,last,20,1000.0,0.931194,4.004422,5.753020e-05,0.714286,366,0.2434,1
3,8,sigmoid,nuclear,last,20,10000.0,0.467128,2.008795,1.217742e-05,0.875000,1000,0.5964,0
3,8,sigmoid,spectral,all,1,1.0,2.126521,9.144693,5.403913e-03,0.392857,79,0.0530,1
3,8,sigmoid,spectral,all,1,10.0,1.986690,8.543377,2.095982e-03,0.428571,197,0.1263,1
3,8,sigmoid,spectral,all,1,100.0,1.354618,5.825275,6.731861e-04,0.732143,273,0.1640,1
3,8,sigmoid,spectral,all,1,1000.0,0.746408,3.209784,1.339019e-04,0.910714,495,0.3166,1
3,8,sigmoid,spectral,all,1,10000.0,0.382580,1.645213,3.063658e-05,0.964286,820,0.5787,1
3,8,sigmoid,spectral,half,10,1.0,2.128104,9.151503,3.889351e-03,0.392857,69,0.0457,1
3,8,sigmoid,spectral,half,10,10.0,2.199219,9.457316,1.068044e-03,0.303571,127,0.0913,1
3,8,sigmoid,spectral,half,10,100.0,1.683049,7.237627,4.256052e-04,0.553571,166,0.1262,1
3,8,sigmoid,spectral,half,10,1000.0,1.066128,4.584680,9.127525e-05,0.803571,476,0.3279,1
3,8,sigmoid,spectral,half,10,10000.0,0.612733,2.634940,1.673838e-05,0.928571,923,0.6411,1
3,8,sigmoid,spectral,last,20,1.0,2.128104,9.151499,3.888719e-03,0.392857,72,0.0475,1
3,8,sigmoid,spectral,last,20,10.0,2.199210,9.457279,1.068156e-03,0.303571,139,0.1065,1
3,8,sigmoid,spectral,last,20,100.0,1.932057,8.308437,5.018802e-04,0.464286,612,0.4129,1
3,8,sigmoid,spectral,last,20,1000.0,1.066154,4.584792,9.128035e-05,0.803571,498,0.3466,1
3,8,sigmoid,spectral,last,20,10000.0,0.612726,2.634911,1.673794e-05,0.928571,822,0.5317,1
3,8,tanh,frobenius,all,1,1.0,1.718677,7.390839,3.147513e-02,0.607143,752,0.3746,1
3,8,tanh,frobenius,all,1,10.0,1.139843,4.901676,8.299163e-03,0.642857,727,0.3635,1
3,8,tanh,frobenius,all,1,100.0,0.508591,2.187097,1.937624e-03,0.875000,927,0.4925,1
3,8,tanh,frobenius,all,1,1000.0,0.266448,1.145810,4.235996e-04,0.946429,1000,0.5052,0
3,8,tanh,frobenius,all,1,10000.0,0.125082,0.537892,9.233635e-05,0.982143,1000,0.5064,0
3,8,tanh,frobenius,half,10,1.0,1.837696,7.902659,1.679157e-02,0.535714,1000,0.5390,0
3,8,tanh,frobenius,half,10,10.0,1.496402,6.434990,4.417561e-02,0.571429,1000,0.5523,0
3,8,tanh,frobenius,half,10,100.0,0.818349,3.519153,1.752486e-03,0.857143,1000,0.5283,0
3,8,tanh,frobenius,half,10,1000.0,0.362752,1.559944,3.067642e-04,0.857143,1000,0.5209,0
3,8,tanh,frobenius,half,10,10000.0,0.170052,0.731274,5.797846e-05,0.946429,1000,0.5106,0
3,8,tanh,frobenius,last,20,1.0,2.152544,9.256599,1.824616e-02,0.303571,1000,0.4653,0
3,8,tanh,frobenius,last,20,10.0,1.839025,7.908374,7.052076e-03,0.357143,1000,0.4658,0
3,8,tanh,frobenius,last,20,100.0,1.559216,6.705109,9.122223e-03,0.500000,1000,0.4608,0
3,8,tanh,frobenius,last,20,1000.0,1.569792,6.750589,6.279632e-03,0.500000,1000,0.4664,0
3,8,tanh,frobenius,last,20,10000.0,1.811794,7.791269,1.194998e-02,0.410714,1000,0.4557,0
3,8,tanh,nuclear,all,1,1.0,1.478000,6.355854,2.592781e-02,0.571429,747,0.4479,1
3,8,tanh,nuclear,all,1,10.0,0.890653,3.830083,6.653696e-03,0.696429,660,0.4240,1
3,8,tanh,nuclear,all,1,100.0,0.398134,1.712099,1.273355e-03,0.946429,1000,0.6459,0
3,8,tanh,nuclear,all,1,1000.0,0.199931,0.859764,2.903597e-04,0.964286,1000,0.6209,0
3,8,tanh,nuclear,all,1,10000.0,0.090400,0.388746,6.224695e-05,0.982143,1000,0.6238,0
3,8,tanh,nuclear,half,10,1.0,1.652543,7.106441,1.861199e-02,0.517857,647,0.3781,1
3,8,tanh,nuclear,half,10,10.0,1.152056,4.954195,4.439190e-03,0.642857,1000,0.6129,0
3,8,tanh,nuclear,half,10,100.0,0.530984,2.283394,9.453744e-04,0.857143,1000,0.5737,0
3,8,tanh,nuclear,half,10,1000.0,0.255104,1.097024,1.836496e-04,0.910714,1000,0.5574,0
3,8,tanh,nuclear,half,10,10000.0,0.125484,0.539621,4.534140e-05,0.982143,1000,0.6455,0
3,8,tanh,nuclear,last,20,1.0,1.995993,8.583381,1.415245e-02,0.267857,1000,0.5364,0
3,8,tanh,nuclear,last,20,10.0,1.778429,7.647789,6.771997e-03,0.392857,1000,0.5452,0
3,8,tanh,nuclear,last,20,100.0,1.484152,6.382307,7.307925e-03,0.446429,1000,0.5314,0
3,8,tanh,nuclear,last,20,1000.0,1.491310,6.413090,9.610006e-03,0.571429,1000,0.5178,0
3,8,tanh,nuclear,last,20,10000.0,1.468412,6.314623,1.015983e-02,0.500000,1000,0.5399,0
3,8,tanh,spectral,all,1,1.0,1.652589,7.106638,4.796779e-02,0.607143,512,0.2781,1
3,8,tanh,spectral,all,1,10.0,1.130412,4.861120,9.030337e-03,0.660714,629,0.3929,1
3,8,tanh,spectral,all,1,100.0,0.551761,2.372742,2.074267e-03,0.910714,763,0.4862,1
3,8,tanh,spectral,all,1,1000.0,0.261685,1.125325,4.847707e-04,0.964286,794,0.5253,1
3,8,tanh,spectral,all,1,10000.0,0.123508,0.531122,1.005002e-04,1.000000,812,0.4786,1
3,8,tanh,spectral,half,10,1.0,1.790453,7.699498,2.874124e-02,0.535714,702,0.3738,1
3,8,tanh,spectral,half,10,10.0,1.188688,5.111725,4.547677e-03,0.767857,800,0.4628,1
3,8,tanh,spectral,half,10,100.0,0.796223,3.424003,1.815923e-03,0.875000,1000,0.5532,0
3,8,tanh,spectral,half,10,1000.0,0.366084,1.574274,3.195598e-04,0.946429,1000,0.6421,0
3,8,tanh,spectral,half,10,10000.0,0.169994,0.731025,6.291649e-05,0.964286,1000,0.6866,0
3,8,tanh,spectral,last,20,1.0,2.063389,8.873206,3.583349e-02,0.339286,1000,0.6259,0
3,8,tanh,spectral,last,20,10.0,1.776462,7.639333,8.103789e-03,0.428571,1000,0.6583,0
3,8,tanh,spectral,last,20,100.0,1.581711,6.801842,6.058466e-03,0.517857,1000,0.6136,0
3,8,tanh,spectral,last,20,1000.0,1.658765,7.133200,5.277271e-03,0.535714,1000,0.5630,0
3,8,tanh,spectral,last,20,10000.0,1.812515,7.794372,1.705157e-02,0.357143,1000,0.5445,0
4,9,sigmoid,frobenius,all,1,1.0,2.495714,11.697421,4.165333e-03,0.291667,107,0.1068,1
4,9,sigmoid,frobenius,all,1,10.0,2.404746,11.271050,2.827428e-03,0.347222,220,0.2157,1
4,9,sigmoid,frobenius,all,1,100.0,1.418707,6.649482,6.961924e-04,0.652778,573,0.5670,1
4,9,sigmoid,frobenius,all,1,1000.0,0.687910,3.224238,1.548183e-04,0.861111,776,0.7457,1
4,9,sigmoid,frobenius,all,1,10000.0,0.320751,1.503362,3.269755e-05,0.916667,603,0.5627,1
4,9,sigmoid,frobenius,half,10,1.0,2.497334,11.705014,2.004869e-03,0.291667,123,0.0745,1
4,9,sigmoid,frobenius,half,10,10.0,2.444795,11.458760,1.213443e-03,0.333333,195,0.1304,1
4,9,sigmoid,frobenius,half,10,100.0,1.949629,9.137918,4.514488e-04,0.375000,473,0.3474,1
4,9,sigmoid,frobenius,half,10,1000.0,1.037994,4.865081,9.576756e-05,0.708333,910,0.6319,1
4,9,sigmoid,frobenius,half,10,10000.0,0.486750,2.281401,2.287431e-05,0.888889,638,0.4313,1
4,9,sigmoid,frobenius,last,20,1.0,2.497301,11.704855,2.001674e-03,0.291667,128,0.0818,1
4,9,sigmoid,frobenius,last,20,10.0,2.460874,11.534125,1.178674e-03,0.333333,165,0.1170,1
4,9,sigmoid,frobenius,last,20,100.0,1.963513,9.202989,2.786818e-04,0.402778,729,0.5196,1
4,9,sigmoid,frobenius,last,20,1000.0,1.191901,5.586444,8.672741e-05,0.652778,933,0.6156,1
4,9,sigmoid,frobenius,last,20,10000.0,0.486752,2.281409,2.287447e-05,0.888889,617,0.3825,1
4,9,sigmoid,nuclear,all,1,1.0,2.396205,11.231020,3.492589e-03,0.305556,100,0.0998,1
4,9,sigmoid,nuclear,all,1,10.0,1.976765,9.265104,1.892985e-03,0.458333,165,0.1903,1
4,9,sigmoid,nuclear,all,1,100.0,0.982140,4.603295,4.233871e-04,0.722222,814,0.8651,1
4,9,sigmoid,nuclear,all,1,1000.0,0.445689,2.088945,9.118206e-05,0.847222,1000,1.0507,0
4,9,sigmoid,nuclear,all,1,10000.0,0.208527,0.977367,1.924107e-05,0.888889,890,0.9372,1
4,9,sigmoid,nuclear,half,10,1.0,2.422859,11.355946,1.636758e-03,0.277778,90,0.0673,1
4,9,sigmoid,nuclear,half,10,10.0,2.316649,10.858139,1.080038e-03,0.333333,533,0.4088,1
4,9,sigmoid,nuclear,half,10,100.0,1.463590,6.859852,2.972705e-04,0.652778,1000,0.8113,0
4,9,sigmoid,nuclear,half,10,1000.0,0.712860,3.341179,6.597375e-05,0.805556,455,0.3563,1
4,9,sigmoid,nuclear,half,10,10000.0,0.310758,1.456522,1.410486e-05,0.902778,1000,0.7021,0
4,9,sigmoid,nuclear,last,20,1.0,2.422836,11.355840,1.635704e-03,0.277778,93,0.0638,1
4,9,sigmoid,nuclear,last,20,10.0,2.273667,10.656686,1.109914e-03,0.319444,141,0.1026,1
4,9,sigmoid,nuclear,last,20,100.0,1.449530,6.793950,2.911968e-04,0.666667,957,0.6709,1
4,9,sigmoid,nuclear,last,20,1000.0,0.703666,3.298086,6.581692e-05,0.777778,1000,0.7104,0
4,9,sigmoid,nuclear,last,20,10000.0,0.310549,1.455543,1.410061e-05,0.888889,1000,0.6741,0
4,9,sigmoid,spectral,all,1,1.0,2.233355,10.467743,3.434938e-03,0.416667,91,0.1010,1
4,9,sigmoid,spectral,all,1,10.0,2.161954,10.133082,2.280520e-03,0.444444,226,0.2220,1
4,9,sigmoid,spectral,all,1,100.0,1.367229,6.408206,6.958388e-04,0.694444,292,0.3001,1
4,9,sigmoid,spectral,all,1,1000.0,0.677705,3.176406,1.601641e-04,0.861111,460,0.4914,1
4,9,sigmoid,spectral,all,1,10000.0,0.311226,1.458716,3.427997e-05,0.916667,447,0.4718,1
4,9,sigmoid,spectral,half,10,1.0,2.236453,10.482259,1.805503e-03,0.430556,73,0.0599,1
4,9,sigmoid,spectral,half,10,10.0,2.244929,10.521991,8.168840e-04,0.402778,113,0.0845,1
4,9,sigmoid,spectral,half,10,100.0,1.892533,8.870310,4.269269e-04,0.402778,367,0.2728,1
4,9,sigmoid,spectral,half,10,1000.0,0.997601,4.675757,1.007445e-04,0.805556,594,0.4265,1
4,9,sigmoid,spectral,half,10,10000.0,0.485713,2.276537,2.302137e-05,0.902778,521,0.3672,1
4,9,sigmoid,spectral,last,20,1.0,2.236451,10.482250,1.805467e-03,0.430556,73,0.0526,1
4,9,sigmoid,spectral,last,20,10.0,2.275942,10.667347,8.282100e-04,0.361111,173,0.1250,1
4,9,sigmoid,spectral,last,20,100.0,1.902997,8.919354,2.761106e-04,0.402778,468,0.3366,1
4,9,sigmoid,spectral,last,20,1000.0,0.997611,4.675807,1.007431e-04,0.805556,605,0.4246,1
4,9,sigmoid,spectral,last,20,10000.0,0.485716,2.276550,2.302172e-05,0.902778,592,0.4015,1
4,9,tanh,frobenius,all,1,1.0,1.564435,7.332510,5.508466e-02,0.583333,1000,0.7706,0
4,9,tanh,frobenius,all,1,10.0,0.866996,4.063615,1.481478e-02,0.736111,755,0.5933,1
4,9,tanh,frobenius,all,1,100.0,0.391162,1.833377,2.753736e-03,0.902778,1000,0.7769,0
4,9,tanh,frobenius,all,1,1000.0,0.182433,0.855065,5.990821e-04,0.930556,1000,0.7783,0
4,9,tanh,frobenius,all,1,10000.0,0.083556,0.391627,1.274018e-04,0.944444,1000,0.8100,0
4,9,tanh,frobenius,half,10,1.0,1.903152,8.920078,1.102210e-01,0.388889,1000,0.5256,0
4,9,tanh,frobenius,half,10,10.0,0.984597,4.614810,1.251689e-02,0.777778,1000,0.5083,0
4,9,tanh,frobenius,half,10,100.0,0.998528,4.680104,4.767208e-02,0.750000,1000,0.4974,0
4,9,tanh,frobenius,half,10,1000.0,1.105444,5.181219,7.723523e-02,0.708333,1000,0.4821,0
4,9,tanh,frobenius,half,10,10000.0,1.014346,4.754242,4.246790e-02,0.708333,704,0.3491,1
4,9,tanh,frobenius,last,20,1.0,1.977206,9.267169,5.334901e-02,0.319444,970,0.4779,1
4,9,tanh,frobenius,last,20,10.0,1.845752,8.651043,2.796789e-02,0.333333,1000,0.4851,0
4,9,tanh,frobenius,last,20,100.0,1.368388,6.413638,5.150653e-02,0.625000,1000,0.4902,0
4,9,tanh,frobenius,last,20,1000.0,1.499999,7.030498,4.976853e-02,0.472222,1000,0.4940,0
4,9,tanh,frobenius,last,20,10000.0,1.498523,7.023583,4.916224e-02,0.541667,1000,0.5586,0
4,9,tanh,nuclear,all,1,1.0,1.309092,6.135720,3.982808e-02,0.625000,864,0.8029,1
4,9,tanh,nuclear,all,1,10.0,0.580200,2.719400,7.917508e-03,0.861111,821,0.8729,1
4,9,tanh,nuclear,all,1,100.0,0.288301,1.351268,1.653591e-03,0.916667,1000,1.0451,0
4,9,tanh,nuclear,all,1,1000.0,0.130725,0.612709,3.637556e-04,0.944444,1000,0.9443,0
4,9,tanh,nuclear,all,1,10000.0,0.057626,0.270093,7.848166e-05,0.972222,1000,0.9607,0
4,9,tanh,nuclear,half,10,1.0,1.298296,6.085116,3.378584e-02,0.652778,1000,0.5898,0
4,9,tanh,nuclear,half,10,10.0,1.290230,6.047314,5.912376e-02,0.597222,1000,0.5735,0
4,9,tanh,nuclear,half,10,100.0,1.216040,5.699583,7.534185e-02,0.625000,1000,0.5803,0
4,9,tanh,nuclear,half,10,1000.0,1.108343,5.194808,7.693151e-02,0.694444,1000,0.6232,0
4,9,tanh,nuclear,half,10,10000.0,0.064936,0.304356,6.868255e-05,0.972222,1000,0.5949,0
4,9,tanh,nuclear,last,20,1.0,1.821491,8.537332,4.772877e-02,0.361111,1000,0.5457,0
4,9,tanh,nuclear,last,20,10.0,1.784348,8.363246,4.774809e-02,0.416667,1000,0.5449,0
4,9,tanh,nuclear,last,20,100.0,1.458587,6.836401,5.160036e-02,0.541667,1000,0.6015,0
4,9,tanh,nuclear,last,20,1000.0,1.519030,7.119697,4.105060e-02,0.458333,1000,0.5566,0
4,9,tanh,nuclear,last,20,10000.0,1.431264,6.708337,4.383517e-02,0.597222,1000,0.6128,0
4,9,tanh,spectral,all,1,1.0,1.846907,8.656456,1.401360e-01,0.527778,381,0.3869,1
4,9,tanh,spectral,all,1,10.0,0.822617,3.855608,1.630243e-02,0.805556,606,0.5905,1
4,9,tanh,spectral,all,1,100.0,0.359592,1.685407,2.674638e-03,0.902778,699,0.7227,1
4,9,tanh,spectral,all,1,1000.0,0.179063,0.839268,6.318709e-04,0.944444,693,0.7064,1
4,9,tanh,spectral,all,1,10000.0,0.082195,0.385247,1.351028e-04,0.958333,813,0.8255,1
4,9,tanh,spectral,half,10,1.0,1.929836,9.045145,1.125747e-01,0.486111,1000,0.6038,0
4,9,tanh,spectral,half,10,10.0,0.961585,4.506951,1.259231e-02,0.805556,1000,0.6819,0
4,9,tanh,spectral,half,10,100.0,1.306701,6.124513,7.478229e-02,0.597222,1000,0.5991,0
4,9,tanh,spectral,half,10,1000.0,1.171455,5.490614,7.466005e-02,0.638889,1000,0.5655,0
4,9,tanh,spectral,half,10,10000.0,1.014362,4.754320,4.246790e-02,0.708333,721,0.4187,1
4,9,tanh,spectral,last,20,1.0,1.920150,8.999750,6.377398e-02,0.458333,1000,0.5530,0
4,9,tanh,spectral,last,20,10.0,1.831441,8.583971,2.241447e-02,0.388889,1000,0.5848,0
4,9,tanh,spectral,last,20,100.0,1.545564,7.244062,4.949482e-02,0.527778,1000,0.5826,0
4,9,tanh,spectral,last,20,1000.0,1.399144,6.557793,4.654880e-02,0.527778,1000,0.5841,0
4,9,tanh,spectral,last,20,10000.0,1.474429,6.910652,4.396271e-02,0.569444,1000,0.5925,0
5,10,sigmoid,frobenius,all,1,1.0,2.299637,12.637238,4.477012e-03,0.333333,121,0.1200,1
5,10,sigmoid,frobenius,all,1,10.0,2.124046,11.672308,2.260861e-03,0.422222,260,0.2531,1
5,10,sigmoid,frobenius,all,1,100.0,1.328290,7.299376,4.024514e-04,0.766667,711,0.7005,1
5,10,sigmoid,frobenius,all,1,1000.0,0.841173,4.622511,9.912723e-05,0.888889,586,0.5371,1
5,10,sigmoid,frobenius,all,1,10000.0,0.405004,2.225626,2.170910e-05,0.944444,976,0.9430,1
5,10,sigmoid,frobenius,half,10,1.0,2.289227,12.580028,1.906966e-03,0.344444,65,0.0436,1
5,10,sigmoid,frobenius,half,10,10.0,2.190480,12.037385,1.064849e-03,0.366667,152,0.1105,1
5,10,sigmoid,frobenius,half,10,100.0,1.766467,9.707298,3.092220e-04,0.555556,654,0.4276,1
5,10,sigmoid,frobenius,half,10,1000.0,1.127322,6.194993,6.490576e-05,0.711111,1000,0.6815,0
5,10,sigmoid,frobenius,half,10,10000.0,0.618473,3.398704,1.569177e-05,0.866667,1000,0.6885,0
5,10,sigmoid,frobenius,last,20,1.0,2.289228,12.580034,1.907050e-03,0.344444,69,0.0448,1
5,10,sigmoid,frobenius,last,20,10.0,2.190481,12.037387,1.064801e-03,0.366667,132,0.0849,1
5,10,sigmoid,frobenius,last,20,100.0,1.765180,9.700225,3.080299e-04,0.555556,621,0.4055,1
5,10,sigmoid,frobenius,last,20,1000.0,1.127361,6.195208,6.491353e-05,0.711111,1000,0.7274,0
5,10,sigmoid,frobenius,last,20,10000.0,0.600775,3.301452,1.490857e-05,0.900000,1000,0.6678,0
5,10,sigmoid,nuclear,all,1,1.0,2.194135,12.057470,3.453068e-03,0.400000,116,0.1221,1
5,10,sigmoid,nuclear,all,1,10.0,1.746234,9.596113,1.242722e-03,0.533333,408,0.4619,1
5,10,sigmoid,nuclear,all,1,100.0,1.083457,5.953940,2.991259e-04,0.811111,1000,1.0553,0
5,10,sigmoid,nuclear,all,1,1000.0,0.591486,3.250405,6.740532e-05,0.877778,1000,1.0926,0
5,10,sigmoid,nuclear,all,1,10000.0,0.264058,1.451084,1.438870e-05,0.933333,1000,1.0473,0
5,10,sigmoid,nuclear,half,10,1.0,2.226769,12.236804,1.271742e-03,0.377778,154,0.1487,1
5,10,sigmoid,nuclear,half,10,10.0,2.052483,11.279047,7.417707e-04,0.433333,204,0.1721,1
5,10,sigmoid,nuclear,half,10,100.0,1.482034,8.144246,1.891507e-04,0.666667,1000,0.7544,0
5,10,sigmoid,nuclear,half,10,1000.0,0.804025,4.418372,4.429124e-05,0.788889,381,0.3059,1
5,10,sigmoid,nuclear,half,10,10000.0,0.415481,2.283200,9.441480e-06,0.900000,1000,0.7404,0
5,10,sigmoid,nuclear,last,20,1.0,2.213578,12.164312,1.338819e-03,0.366667,168,0.1489,1
5,10,sigmoid,nuclear,last,20,10.0,2.084424,11.454572,7.371018e-04,0.455556,251,0.2025,1
5,10,sigmoid,nuclear,last,20,100.0,1.482134,8.144797,1.892855e-04,0.666667,1000,0.6946,0
5,10,sigmoid,nuclear,last,20,1000.0,0.779021,4.280965,4.440833e-05,0.777778,235,0.1704,1
5,10,sigmoid,nuclear,last,20,10000.0,0.414125,2.275747,9.432739e-06,0.900000,1000,0.7341,0
5,10,sigmoid,spectral,all,1,1.0,2.094895,11.512112,5.037863e-03,0.422222,68,0.0668,1
5,10,sigmoid,spectral,all,1,10.0,1.931235,10.612752,2.589358e-03,0.433333,241,0.2372,1
5,10,sigmoid,spectral,all,1,100.0,1.224145,6.727065,4.348195e-04,0.800000,546,0.5734,1
5,10,sigmoid,spectral,all,1,1000.0,0.730367,4.013598,1.041117e-04,0.888889,563,0.5804,1
5,10,sigmoid,spectral,all,1,10000.0,0.405225,2.226843,2.206782e-05,0.955556,872,0.9012,1
5,10,sigmoid,spectral,half,10,1.0,2.093262,11.503138,2.863064e-03,0.422222,60,0.0427,1
5,10,sigmoid,spectral,half,10,10.0,1.999833,10.989718,9.388743e-04,0.455556,175,0.1269,1
5,10,sigmoid,spectral,half,10,100.0,1.775075,9.754603,3.879928e-04,0.500000,440,0.3658,1
5,10,sigmoid,spectral,half,10,1000.0,1.116368,6.134795,7.403999e-05,0.777778,1000,0.7659,0
5,10,sigmoid,spectral,half,10,10000.0,0.563025,3.094000,1.377922e-05,0.900000,1000,0.7347,0
5,10,sigmoid,spectral,last,20,1.0,2.093283,11.503254,2.863727e-03,0.422222,69,0.0463,1
5,10,sigmoid,spectral,last,20,10.0,1.999850,10.989810,9.383656e-04,0.455556,153,0.1033,1
5,10,sigmoid,spectral,last,20,100.0,1.774640,9.752209,3.881044e-04,0.500000,459,0.3318,1
5,10,sigmoid,spectral,last,20,1000.0,1.116405,6.135002,7.405393e-05,0.777778,1000,0.7587,0
5,10,sigmoid,spectral,last,20,10000.0,0.568768,3.125558,1.422435e-05,0.877778,1000,0.7369,0
5,10,tanh,frobenius,all,1,1.0,1.668297,9.167822,2.957580e-02,0.544444,744,0.6687,1
5,10,tanh,frobenius,all,1,10.0,1.014824,5.576780,6.820646e-03,0.755556,1000,0.9435,0
5,10,tanh,frobenius,all,1,100.0,0.514175,2.825558,1.426654e-03,0.855556,1000,0.9402,0
5,10,tanh,frobenius,all,1,1000.0,0.261622,1.437696,3.508955e-04,0.966667,884,0.8288,1
5,10,tanh,frobenius,all,1,10000.0,0.121001,0.664939,7.526782e-05,0.966667,1000,0.8952,0
5,10,tanh,frobenius,half,10,1.0,1.844212,10.134530,1.689804e-02,0.444444,1000,0.5634,0
5,10,tanh,frobenius,half,10,10.0,1.392529,7.652388,5.924258e-03,0.633333,1000,0.5835,0
5,10,tanh,frobenius,half,10,100.0,0.719145,3.951929,1.261588e-03,0.866667,1000,0.5511,0
5,10,tanh,frobenius,half,10,1000.0,0.360817,1.982803,2.168072e-04,0.933333,1000,0.5899,0
5,10,tanh,frobenius,half,10,10000.0,0.171865,0.944452,5.859288e-05,0.955556,1000,0.6251,0
5,10,tanh,frobenius,last,20,1.0,1.939853,10.660108,1.314495e-02,0.333333,1000,0.5365,0
5,10,tanh,frobenius,last,20,10.0,1.634108,8.979942,5.847212e-03,0.455556,1000,0.5744,0
5,10,tanh,frobenius,last,20,100.0,1.491329,8.195326,5.122161e-03,0.433333,1000,0.5781,0
5,10,tanh,frobenius,last,20,1000.0,1.248889,6.863044,3.129072e-03,0.666667,1000,0.5791,0
5,10,tanh,frobenius,last,20,10000.0,1.406050,7.726693,4.231922e-03,0.533333,1000,0.5782,0
5,10,tanh,nuclear,all,1,1.0,1.449991,7.968160,2.189070e-02,0.555556,1000,0.9861,0
5,10,tanh,nuclear,all,1,10.0,0.827085,4.545095,5.015058e-03,0.766667,1000,0.9840,0
5,10,tanh,nuclear,all,1,100.0,0.371621,2.042173,1.047698e-03,0.866667,1000,0.9738,0
5,10,tanh,nuclear,all,1,1000.0,0.170536,0.937151,2.266991e-04,0.955556,1000,0.9734,0
5,10,tanh,nuclear,all,1,10000.0,0.078467,0.431202,4.802640e-05,0.977778,1000,0.9996,0
5,10,tanh,nuclear,half,10,1.0,1.698314,9.332776,1.191648e-02,0.522222,1000,0.6408,0
5,10,tanh,nuclear,half,10,10.0,1.089068,5.984776,4.060300e-03,0.666667,1000,0.6337,0
5,10,tanh,nuclear,half,10,100.0,0.514213,2.825764,7.013132e-04,0.877778,1000,0.6143,0
5,10,tanh,nuclear,half,10,1000.0,0.266285,1.463319,1.619135e-04,0.933333,1000,0.5913,0
5,10,tanh,nuclear,half,10,10000.0,0.116001,0.637460,3.538349e-05,0.955556,1000,0.6569,0
5,10,tanh,nuclear,last,20,1.0,1.713090,9.413976,9.817307e-03,0.388889,1000,0.6125,0
5,10,tanh,nuclear,last,20,10.0,1.459945,8.022862,6.340963e-03,0.466667,1000,0.5950,0
5,10,tanh,nuclear,last,20,100.0,1.459835,8.022257,5.322662e-03,0.488889,1000,0.6356,0
5,10,tanh,nuclear,last,20,1000.0,1.281332,7.041326,2.747143e-03,0.600000,1000,0.6269,0
5,10,tanh,nuclear,last,20,10000.0,1.510550,8.300953,4.599488e-03,0.488889,1000,0.6790,0
5,10,tanh,spectral,all,1,1.0,1.745989,9.594764,4.262391e-02,0.500000,968,0.9920,1
5,10,tanh,spectral,all,1,10.0,0.984130,5.408109,8.800553e-03,0.777778,1000,0.9249,0
5,10,tanh,spectral,all,1,100.0,0.529635,2.910513,1.733130e-03,0.911111,965,0.9150,1
5,10,tanh,spectral,all,1,1000.0,0.261622,1.437699,3.555562e-04,0.955556,1000,0.9602,0
5,10,tanh,spectral,all,1,10000.0,0.104076,0.571931,8.888424e-05,0.977778,1000,0.9907,0
5,10,tanh,spectral,half,10,1.0,1.781934,9.792294,2.705935e-02,0.488889,1000,0.6242,0
5,10,tanh,spectral,half,10,10.0,1.242676,6.828898,5.014282e-03,0.711111,1000,0.6506,0
5,10,tanh,spectral,half,10,100.0,0.640954,3.522246,1.031501e-03,0.888889,1000,0.6598,0
5,10,tanh,spectral,half,10,1000.0,0.361073,1.984211,2.227234e-04,0.933333,1000,0.6424,0
5,10,tanh,spectral,half,10,10000.0,0.172843,0.949828,6.107572e-05,0.944444,1000,0.6619,0
5,10,tanh,spectral,last,20,1.0,1.891583,10.394849,1.505313e-02,0.377778,1000,0.6513,0
5,10,tanh,spectral,last,20,10.0,1.552269,8.530209,5.830483e-03,0.511111,1000,0.6396,0
5,10,tanh,spectral,last,20,100.0,1.429425,7.855145,5.178059e-03,0.522222,1000,0.6396,0
5,10,tanh,spectral,last,20,1000.0,1.299524,7.141299,4.022328e-03,0.600000,1000,0.7036,0
5,10,tanh,spectral,last,20,10000.0,1.420009,7.803402,7.311364e-03,0.577778,1000,0.6635,0
6,11,sigmoid,frobenius,all,1,1.0,2.426092,14.371801,4.357730e-03,0.272727,110,0.1123,1
6,11,sigmoid,frobenius,all,1,10.0,2.168555,12.846191,2.325366e-03,0.390909,550,0.5675,1
6,11,sigmoid,frobenius,all,1,100.0,1.276795,7.563539,4.998571e-04,0.700000,645,0.6496,1
6,11,sigmoid,frobenius,all,1,1000.0,0.698048,4.135130,8.156740e-05,0.945455,586,0.5930,1
6,11,sigmoid,frobenius,all,1,10000.0,0.396500,2.348804,2.126222e-05,0.954545,470,0.4975,1
6,11,sigmoid,frobenius,half,10,1.0,2.413924,14.299720,1.992832e-03,0.272727,110,0.0775,1
6,11,sigmoid,frobenius,half,10,10.0,2.415718,14.310348,1.336265e-03,0.300000,314,0.2391,1
6,11,sigmoid,frobenius,half,10,100.0,1.761805,10.436666,3.367600e-04,0.527273,951,0.6389,1
6,11,sigmoid,frobenius,half,10,1000.0,1.043440,6.181182,6.730278e-05,0.745455,1000,0.6957,0
6,11,sigmoid,frobenius,half,10,10000.0,0.572159,3.389385,1.088163e-05,0.963636,769,0.5194,1
6,11,sigmoid,frobenius,last,20,1.0,2.413930,14.299757,1.992174e-03,0.272727,118,0.0770,1
6,11,sigmoid,frobenius,last,20,10.0,2.415777,14.310698,1.331125e-03,0.300000,328,0.2103,1
6,11,sigmoid,frobenius,last,20,100.0,1.930695,11.437141,1.448112e-04,0.436364,713,0.4826,1
6,11,sigmoid,frobenius,last,20,1000.0,1.188513,7.040569,7.570814e-05,0.672727,1000,0.7112,0
6,11,sigmoid,frobenius,last,20,10000.0,0.572158,3.389376,1.088146e-05,0.963636,854,0.5538,1
6,11,sigmoid,nuclear,all,1,1.0,2.358602,13.972002,4.316235e-03,0.336364,196,0.2163,1
6,11,sigmoid,nuclear,all,1,10.0,1.722280,10.202525,1.449825e-03,0.490909,944,1.0400,1
6,11,sigmoid,nuclear,all,1,100.0,0.989032,5.858876,3.128294e-04,0.781818,870,1.0342,1
6,11,sigmoid,nuclear,all,1,1000.0,0.530550,3.142898,7.028984e-05,0.918182,1000,1.1239,0
6,11,sigmoid,nuclear,all,1,10000.0,0.245582,1.454790,1.495063e-05,0.963636,1000,1.1502,0
6,11,sigmoid,nuclear,half,10,1.0,2.387072,14.140650,1.764738e-03,0.318182,265,0.2091,1
6,11,sigmoid,nuclear,half,10,10.0,2.090861,12.385943,8.704983e-04,0.400000,451,0.3628,1
6,11,sigmoid,nuclear,half,10,100.0,1.390549,8.237400,2.147318e-04,0.618182,1000,0.7452,0
6,11,sigmoid,nuclear,half,10,1000.0,0.793808,4.702399,4.412653e-05,0.845455,1000,0.7905,0
6,11,sigmoid,nuclear,half,10,10000.0,0.420953,2.493659,9.764674e-06,0.918182,1000,0.8103,0
6,11,sigmoid,nuclear,last,20,1.0,2.390311,14.159841,1.777204e-03,0.327273,203,0.1576,1
6,11,sigmoid,nuclear,last,20,10.0,2.102001,12.451934,9.448259e-04,0.372727,171,0.1335,1
6,11,sigmoid,nuclear,last,20,100.0,1.406093,8.329484,2.148402e-04,0.663636,1000,0.7730,0
6,11,sigmoid,nuclear,last,20,1000.0,0.792641,4.695485,4.417978e-05,0.818182,1000,0.7752,0
6,11,sigmoid,nuclear,last,20,10000.0,0.422162,2.500826,9.796853e-06,0.954545,1000,0.7637,0
6,11,sigmoid,spectral,all,1,1.0,2.208412,13.082298,3.907845e-03,0.390909,73,0.0881,1
6,11,sigmoid,spectral,all,1,10.0,2.046049,12.120485,2.546045e-03,0.400000,244,0.3416,1
6,11,sigmoid,spectral,all,1,100.0,1.147323,6.796567,4.836188e-04,0.763636,527,0.6544,1
6,11,sigmoid,spectral,all,1,1000.0,0.695706,4.121256,8.090874e-05,0.954545,396,0.5222,1
6,11,sigmoid,spectral,all,1,10000.0,0.396570,2.349218,2.127395e-05,0.954545,469,0.5766,1
6,11,sigmoid,spectral,half,10,1.0,2.206442,13.070627,1.607828e-03,0.390909,78,0.0608,1
6,11,sigmoid,spectral,half,10,10.0,2.165568,12.828495,1.034372e-03,0.400000,279,0.2181,1
6,11,sigmoid,spectral,half,10,100.0,1.691254,10.018734,3.613508e-04,0.572727,692,0.5503,1
6,11,sigmoid,spectral,half,10,1000.0,0.838970,4.969932,5.622702e-05,0.872727,753,0.5954,1
6,11,sigmoid,spectral,half,10,10000.0,0.571429,3.385060,1.085108e-05,0.963636,781,0.6678,1
6,11,sigmoid,spectral,last,20,1.0,2.206422,13.070511,1.607847e-03,0.390909,67,0.0519,1
6,11,sigmoid,spectral,last,20,10.0,2.164652,12.823073,1.030072e-03,0.400000,241,0.2103,1
6,11,sigmoid,spectral,last,20,100.0,1.848672,10.951252,2.736204e-04,0.463636,1000,0.7623,0
6,11,sigmoid,spectral,last,20,1000.0,0.838970,4.969934,5.622691e-05,0.872727,737,0.5048,1
6,11,sigmoid,spectral,last,20,10000.0,0.571430,3.385064,1.085101e-05,0.963636,960,0.6620,1
6,11,tanh,frobenius,all,1,1.0,1.748765,10.359418,4.290287e-02,0.472727,337,0.2932,1
6,11,tanh,frobenius,all,1,10.0,0.844465,5.002482,9.572021e-03,0.845455,1000,0.9085,0
6,11,tanh,frobenius,all,1,100.0,0.394712,2.338215,1.918174e-03,0.963636,1000,0.9555,0
6,11,tanh,frobenius,all,1,1000.0,0.188270,1.115285,4.204352e-04,0.990909,1000,0.9656,0
6,11,tanh,frobenius,all,1,10000.0,0.087604,0.518952,9.548881e-05,0.981818,1000,1.0692,0
6,11,tanh,frobenius,half,10,1.0,1.907177,11.297824,1.824112e-02,0.472727,1000,0.5945,0
6,11,tanh,frobenius,half,10,10.0,1.333731,7.900819,8.161144e-03,0.618182,1000,0.5972,0
6,11,tanh,frobenius,half,10,100.0,0.907745,5.377343,7.187023e-03,0.727273,1000,0.6039,0
6,11,tanh,frobenius,half,10,1000.0,0.261698,1.550259,3.201069e-04,0.954545,1000,0.5969,0
6,11,tanh,frobenius,half,10,10000.0,1.204161,7.133270,1.729347e-02,0.654545,1000,0.5816,0
6,11,tanh,frobenius,last,20,1.0,1.825141,10.811861,2.438183e-02,0.427273,1000,0.5766,0
6,11,tanh,frobenius,last,20,10.0,1.571179,9.307428,5.273428e-03,0.472727,1000,0.5953,0
6,11,tanh,frobenius,last,20,100.0,1.389285,8.229914,4.581985e-03,0.600000,1000,0.6038,0
6,11,tanh,frobenius,last,20,1000.0,1.132224,6.707121,3.562365e-03,0.700000,1000,0.6516,0
6,11,tanh,frobenius,last,20,10000.0,1.166242,6.908639,3.742536e-03,0.690909,1000,0.6354,0
6,11,tanh,nuclear,all,1,1.0,1.410411,8.355060,2.930471e-02,0.609091,1000,1.0919,0
6,11,tanh,nuclear,all,1,10.0,0.560280,3.319014,5.205495e-03,0.863636,1000,1.1391,0
6,11,tanh,nuclear,all,1,100.0,0.283790,1.681128,1.179800e-03,0.963636,1000,1.1418,0
6,11,tanh,nuclear,all,1,1000.0,0.126136,0.747213,2.507596e-04,0.972727,1000,1.1191,0
6,11,tanh,nuclear,all,1,10000.0,0.059335,0.351492,5.322992e-05,1.000000,1000,1.1022,0
6,11,tanh,nuclear,half,10,1.0,1.744697,10.335318,1.634231e-02,0.454545,1000,0.6578,0
6,11,tanh,nuclear,half,10,10.0,0.980300,5.807151,5.159635e-03,0.709091,1000,0.6672,0
6,11,tanh,nuclear,half,10,100.0,1.234154,7.310939,2.308242e-02,0.645455,1000,0.6528,0
6,11,tanh,nuclear,half,10,1000.0,1.265604,7.497244,1.744202e-02,0.654545,1000,0.6372,0
6,11,tanh,nuclear,half,10,10000.0,0.922685,5.465848,1.221658e-02,0.745455,1000,0.7500,0
6,11,tanh,nuclear,last,20,1.0,1.658954,9.827391,1.772935e-02,0.445455,1000,0.6895,0
6,11,tanh,nuclear,last,20,10.0,1.344809,7.966447,4.063732e-03,0.545455,1000,0.7078,0
6,11,tanh,nuclear,last,20,100.0,1.253924,7.428057,3.126065e-03,0.636364,1000,0.6854,0
6,11,tanh,nuclear,last,20,1000.0,1.157597,6.857430,3.782552e-03,0.636364,1000,0.6300,0
6,11,tanh,nuclear,last,20,10000.0,1.104950,6.545554,3.523525e-03,0.681818,1000,0.6258,0
6,11,tanh,spectral,all,1,1.0,1.717355,10.173349,4.545185e-02,0.545455,1000,1.0064,0
6,11,tanh,spectral,all,1,10.0,0.908564,5.382194,1.452259e-02,0.763636,1000,1.1356,0
6,11,tanh,spectral,all,1,100.0,0.366541,2.171335,2.195167e-03,0.936364,1000,1.3072,0
6,11,tanh,spectral,all,1,1000.0,0.189013,1.119686,4.786862e-04,0.981818,986,1.1084,1
6,11,tanh,spectral,all,1,10000.0,0.080541,0.477112,1.097737e-04,0.990909,1000,1.0610,0
6,11,tanh,spectral,half,10,1.0,1.799106,10.657633,2.562675e-02,0.500000,1000,0.6422,0
6,11,tanh,spectral,half,10,10.0,1.398666,8.285486,9.394813e-03,0.618182,1000,0.6634,0
6,11,tanh,spectral,half,10,100.0,1.214478,7.194384,1.699119e-02,0.690909,1000,0.6957,0
6,11,tanh,spectral,half,10,1000.0,0.283397,1.678800,3.394813e-04,0.954545,1000,0.7232,0
6,11,tanh,spectral,half,10,10000.0,1.133200,6.712907,1.592888e-02,0.636364,1000,0.7731,0
6,11,tanh,spectral,last,20,1.0,1.900709,11.259512,1.864039e-02,0.445455,1000,0.6467,0
6,11,tanh,spectral,last,20,10.0,1.497678,8.872017,5.698890e-03,0.545455,1000,0.6318,0
6,11,tanh,spectral,last,20,100.0,1.220224,7.228422,3.920195e-03,0.600000,1000,0.6593,0
6,11,tanh,spectral,last,20,1000.0,1.133953,6.717363,3.630306e-03,0.627273,1000,0.6909,0
6,11,tanh,spectral,last,20,10000.0,1.162214,6.884779,3.396097e-03,0.627273,1000,0.6661,0
7,12,sigmoid,frobenius,all,1,1.0,2.376878,15.960524,5.024597e-03,0.257576,171,0.1655,1
7,12,sigmoid,frobenius,all,1,10.0,2.011811,13.509130,2.283937e-03,0.424242,236,0.2536,1
7,12,sigmoid,frobenius,all,1,100.0,1.140435,7.657922,4.700931e-04,0.727273,928,1.1100,1
7,12,sigmoid,frobenius,all,1,1000.0,0.640361,4.299968,8.996481e-05,0.924242,592,0.7496,1
7,12,sigmoid,frobenius,all,1,10000.0,0.339633,2.280603,2.172554e-05,0.954545,1000,1.1533,0
7,12,sigmoid,frobenius,half,10,1.0,2.363293,15.869302,2.106945e-03,0.272727,185,0.1299,1
7,12,sigmoid,frobenius,half,10,10.0,2.305351,15.480225,1.310256e-03,0.310606,603,0.4897,1
7,12,sigmoid,frobenius,half,10,100.0,1.693188,11.369603,3.372750e-04,0.530303,1000,0.6933,0
7,12,sigmoid,frobenius,half,10,1000.0,0.927018,6.224845,6.265598e-05,0.780303,1000,0.7523,0
7,12,sigmoid,frobenius,half,10,10000.0,0.533050,3.579382,1.039316e-05,0.924242,1000,0.7412,0
7,12,sigmoid,frobenius,last,20,1.0,2.363582,15.871243,2.114885e-03,0.272727,188,0.1245,1
7,12,sigmoid,frobenius,last,20,10.0,2.309898,15.510759,9.946571e-04,0.310606,572,0.3910,1
7,12,sigmoid,frobenius,last,20,100.0,1.800843,12.092498,1.617060e-04,0.484848,1000,0.6444,0
7,12,sigmoid,frobenius,last,20,1000.0,1.029000,6.909644,5.896601e-05,0.757576,1000,0.6633,0
7,12,sigmoid,frobenius,last,20,10000.0,0.533006,3.579085,1.039079e-05,0.924242,1000,0.6487,0
7,12,sigmoid,nuclear,all,1,1.0,2.254372,15.137905,4.537725e-03,0.318182,109,0.1272,1
7,12,sigmoid,nuclear,all,1,10.0,1.590736,10.681649,1.414822e-03,0.553030,1000,1.0974,0
7,12,sigmoid,nuclear,all,1,100.0,0.883272,5.931096,3.119410e-04,0.780303,1000,1.1125,0
7,12,sigmoid,nuclear,all,1,1000.0,0.438342,2.943430,6.747008e-05,0.931818,789,0.9037,1
7,12,sigmoid,nuclear,all,1,10000.0,0.204819,1.375339,1.442987e-05,0.962121,1000,1.2412,0
7,12,sigmoid,nuclear,half,10,1.0,2.309737,15.509680,1.938550e-03,0.303030,261,0.2222,1
7,12,sigmoid,nuclear,half,10,10.0,1.974632,13.259476,8.426867e-04,0.454545,242,0.1920,1
7,12,sigmoid,nuclear,half,10,100.0,1.256027,8.434113,2.007367e-04,0.674242,604,0.4778,1
7,12,sigmoid,nuclear,half,10,1000.0,0.727844,4.887410,4.166981e-05,0.833333,1000,0.7608,0
7,12,sigmoid,nuclear,half,10,10000.0,0.398188,2.673797,9.204875e-06,0.924242,1000,0.7501,0
7,12,sigmoid,nuclear,last,20,1.0,2.261500,15.185770,1.984409e-03,0.333333,310,0.2357,1
7,12,sigmoid,nuclear,last,20,10.0,2.003606,13.454034,8.586846e-04,0.439394,912,0.6256,1
7,12,sigmoid,nuclear,last,20,100.0,1.245042,8.360348,1.977162e-04,0.704545,1000,0.7101,0
7,12,sigmoid,nuclear,last,20,1000.0,0.729327,4.897369,4.163612e-05,0.833333,1000,0.7738,0
7,12,sigmoid,nuclear,last,20,10000.0,0.400346,2.688287,9.138904e-06,0.901515,1000,0.8122,0
7,12,sigmoid,spectral,all,1,1.0,2.181419,14.648036,4.423460e-03,0.340909,153,0.2096,1
7,12,sigmoid,spectral,all,1,10.0,1.936204,13.001438,2.336886e-03,0.439394,413,0.4537,1
7,12,sigmoid,spectral,all,1,100.0,1.075438,7.221471,4.434393e-04,0.810606,434,0.5059,1
7,12,sigmoid,spectral,all,1,1000.0,0.628943,4.223299,8.655950e-05,0.924242,547,0.6542,1
7,12,sigmoid,spectral,all,1,10000.0,0.339727,2.281234,2.175855e-05,0.954545,965,1.1873,1
7,12,sigmoid,spectral,half,10,1.0,2.190463,14.708764,2.401695e-03,0.340909,176,0.1349,1
7,12,sigmoid,spectral,half,10,10.0,2.080922,13.973203,9.387329e-04,0.393939,460,0.3644,1
7,12,sigmoid,spectral,half,10,100.0,1.641554,11.022887,3.152381e-04,0.530303,644,0.4827,1
7,12,sigmoid,spectral,half,10,1000.0,0.913962,6.137176,5.899731e-05,0.795455,1000,0.7844,0
7,12,sigmoid,spectral,half,10,10000.0,0.533277,3.580910,1.041809e-05,0.931818,1000,0.8194,0
7,12,sigmoid,spectral,last,20,1.0,2.190441,14.708614,2.397619e-03,0.340909,201,0.1475,1
7,12,sigmoid,spectral,last,20,10.0,2.172095,14.585422,7.469918e-04,0.356061,468,0.3475,1
7,12,sigmoid,spectral,last,20,100.0,1.732154,11.631257,2.068102e-04,0.530303,897,0.7243,1
7,12,sigmoid,spectral,last,20,1000.0,0.975967,6.553534,5.399452e-05,0.734848,1000,0.8537,0
7,12,sigmoid,spectral,last,20,10000.0,0.533294,3.581019,1.041891e-05,0.931818,1000,0.7392,0
7,12,tanh,frobenius,all,1,1.0,1.837767,12.340443,3.300074e-02,0.439394,1000,1.0175,0
7,12,tanh,frobenius,all,1,10.0,1.013154,6.803242,9.291928e-03,0.719697,1000,1.0450,0
7,12,tanh,frobenius,all,1,100.0,0.433417,2.910358,1.679113e-03,0.939394,1000,1.1804,0
7,12,tanh,frobenius,all,1,1000.0,0.206842,1.388923,3.261174e-04,0.962121,1000,1.0627,0
7,12,tanh,frobenius,all,1,10000.0,0.099944,0.671112,7.194026e-05,0.992424,1000,1.0433,0
7,12,tanh,frobenius,half,10,1.0,2.092660,14.052025,1.124220e-02,0.356061,1000,0.6738,0
7,12,tanh,frobenius,half,10,10.0,1.419893,9.534455,3.145250e-03,0.583333,296,0.2368,1
7,12,tanh,frobenius,half,10,100.0,1.116114,7.494604,8.162922e-04,0.727273,1000,0.6821,0
7,12,tanh,frobenius,half,10,1000.0,0.663002,4.451998,3.420542e-04,0.818182,1000,0.7267,0
7,12,tanh,frobenius,half,10,10000.0,0.635649,4.268327,5.561957e-04,0.810606,1000,0.7081,0
7,12,tanh,frobenius,last,20,1.0,1.477268,9.919721,3.590782e-02,0.560606,1000,0.5908,0
7,12,tanh,frobenius,last,20,10.0,1.356194,9.106724,2.746074e-02,0.598485,1000,0.6248,0
7,12,tanh,frobenius,last,20,100.0,1.258682,8.451941,1.619843e-03,0.575758,1000,0.6627,0
7,12,tanh,frobenius,last,20,1000.0,1.098409,7.375721,9.773428e-04,0.621212,1000,0.6287,0
7,12,tanh,frobenius,last,20,10000.0,1.198012,8.044541,3.008155e-03,0.628788,1000,0.6149,0
7,12,tanh,nuclear,all,1,1.0,1.370496,9.202756,1.993155e-02,0.606061,1000,1.1131,0
7,12,tanh,nuclear,all,1,10.0,0.635778,4.269195,4.585349e-03,0.863636,1000,1.1471,0
7,12,tanh,nuclear,all,1,100.0,0.280885,1.886120,9.121415e-04,0.946970,1000,1.1702,0
7,12,tanh,nuclear,all,1,1000.0,0.138455,0.929714,2.013115e-04,0.984848,1000,1.1382,0
7,12,tanh,nuclear,all,1,10000.0,0.063926,0.429256,4.213481e-05,1.000000,1000,1.1644,0
7,12,tanh,nuclear,half,10,1.0,1.852299,12.438020,6.081463e-03,0.424242,722,0.5455,1
7,12,tanh,nuclear,half,10,10.0,1.236541,8.303264,1.686979e-03,0.659091,1000,0.7888,0
7,12,tanh,nuclear,half,10,100.0,0.914311,6.139516,5.720726e-04,0.734848,1000,0.7458,0
7,12,tanh,nuclear,half,10,1000.0,0.503616,3.381735,2.738187e-04,0.871212,1000,0.7417,0
7,12,tanh,nuclear,half,10,10000.0,0.592999,3.981934,5.926730e-04,0.848485,1000,0.7726,0
7,12,tanh,nuclear,last,20,1.0,1.551357,10.417223,8.226864e-03,0.553030,1000,0.7235,0
7,12,tanh,nuclear,last,20,10.0,1.424298,9.564035,8.172162e-03,0.553030,1000,0.8124,0
7,12,tanh,nuclear,last,20,100.0,1.244717,8.358165,9.231669e-04,0.621212,1000,0.7801,0
7,12,tanh,nuclear,last,20,1000.0,0.713105,4.788435,3.395361e-05,0.856061,1000,1.0587,0
7,12,tanh,nuclear,last,20,10000.0,1.321180,8.871608,1.231504e-02,0.568182,1000,0.7450,0
7,12,tanh,spectral,all,1,1.0,1.723682,11.574370,3.278962e-02,0.500000,1000,1.2264,0
7,12,tanh,spectral,all,1,10.0,0.912099,6.124662,7.918850e-03,0.795455,1000,1.2282,0
7,12,tanh,spectral,all,1,100.0,0.427599,2.871290,1.795549e-03,0.931818,1000,1.2542,0
7,12,tanh,spectral,all,1,1000.0,0.208352,1.399068,3.401388e-04,0.962121,1000,1.2420,0
7,12,tanh,spectral,all,1,10000.0,0.102407,0.687656,7.760124e-05,0.992424,1000,1.1456,0
7,12,tanh,spectral,half,10,1.0,1.958741,13.152770,8.237063e-03,0.424242,1000,0.7140,0
7,12,tanh,spectral,half,10,10.0,1.567893,10.528263,2.196209e-03,0.545455,1000,0.7927,0
7,12,tanh,spectral,half,10,100.0,1.143958,7.681575,8.391912e-04,0.704545,1000,0.8430,0
7,12,tanh,spectral,half,10,1000.0,0.659851,4.430839,5.562391e-04,0.833333,1000,0.9229,0
7,12,tanh,spectral,half,10,10000.0,0.721387,4.844048,1.100331e-03,0.750000,1000,0.9323,0
7,12,tanh,spectral,last,20,1.0,1.613117,10.831940,1.054012e-02,0.507576,1000,0.7488,0
7,12,tanh,spectral,last,20,10.0,1.402725,9.419176,1.903048e-02,0.530303,1000,0.6926,0
7,12,tanh,spectral,last,20,100.0,1.390633,9.337977,3.679197e-03,0.598485,1000,0.7511,0
7,12,tanh,spectral,last,20,1000.0,1.085064,7.286105,7.306245e-04,0.704545,1000,0.8315,0
7,12,tanh,spectral,last,20,10000.0,1.148604,7.712770,1.611260e-03,0.583333,1000,0.8090,0
8,13,sigmoid,frobenius,all,1,1.0,2.328397,16.927155,4.825118e-03,0.326923,192,0.2410,1
8,13,sigmoid,frobenius,all,1,10.0,2.045540,14.870819,2.072503e-03,0.410256,424,0.5416,1
8,13,sigmoid,frobenius,all,1,100.0,1.186695,8.627128,3.493758e-04,0.788462,678,0.8414,1
8,13,sigmoid,frobenius,all,1,1000.0,0.718216,5.221344,8.164775e-05,0.903846,840,1.0463,1
8,13,sigmoid,frobenius,all,1,10000.0,0.380072,2.763073,1.739877e-05,0.948718,1000,1.2066,0
8,13,sigmoid,frobenius,half,10,1.0,2.317705,16.849427,2.065483e-03,0.339744,137,0.1058,1
8,13,sigmoid,frobenius,half,10,10.0,2.223358,16.163535,1.050634e-03,0.352564,156,0.1301,1
8,13,sigmoid,frobenius,half,10,100.0,1.618634,11.767270,2.455252e-04,0.589744,1000,0.7899,0
8,13,sigmoid,frobenius,half,10,1000.0,1.020939,7.422102,4.569603e-05,0.762821,1000,0.8610,0
8,13,sigmoid,frobenius,half,10,10000.0,0.579410,4.212240,1.075757e-05,0.891026,1000,0.7459,0
8,13,sigmoid,frobenius,last,20,1.0,2.302877,16.741633,2.059028e-03,0.339744,126,0.0939,1
8,13,sigmoid,frobenius,last,20,10.0,2.228385,16.200084,1.053653e-03,0.352564,225,0.1904,1
8,13,sigmoid,frobenius,last,20,100.0,1.646770,11.971815,2.543563e-04,0.576923,1000,0.7579,0
8,13,sigmoid,frobenius,last,20,1000.0,1.021529,7.426389,4.572104e-05,0.762821,1000,0.7192,0
8,13,sigmoid,frobenius,last,20,10000.0,0.579454,4.212556,1.075921e-05,0.891026,1000,0.7270,0
8,13,sigmoid,nuclear,all,1,1.0,2.295319,16.686687,3.774430e-03,0.326923,357,0.4812,1
8,13,sigmoid,nuclear,all,1,10.0,1.548766,11.259340,1.056311e-03,0.621795,656,0.7950,1
8,13,sigmoid,nuclear,all,1,100.0,0.967284,7.032037,2.453268e-04,0.769231,1000,1.2350,0
8,13,sigmoid,nuclear,all,1,1000.0,0.530637,3.857668,5.425469e-05,0.884615,1000,1.3205,0
8,13,sigmoid,nuclear,all,1,10000.0,0.262129,1.905643,1.141221e-05,0.974359,1000,1.4213,0
8,13,sigmoid,nuclear,half,10,1.0,2.292644,16.667235,1.638958e-03,0.307692,300,0.3108,1
8,13,sigmoid,nuclear,half,10,10.0,1.999524,14.536288,7.045779e-04,0.461538,1000,0.9476,0
8,13,sigmoid,nuclear,half,10,100.0,1.295732,9.419809,1.605445e-04,0.711538,1000,0.9237,0
8,13,sigmoid,nuclear,half,10,1000.0,0.772529,5.616192,3.377142e-05,0.826923,1000,0.8572,0
8,13,sigmoid,nuclear,half,10,10000.0,0.412729,3.000486,7.424941e-06,0.910256,1000,0.8732,0
8,13,sigmoid,nuclear,last,20,1.0,2.267775,16.486440,1.712844e-03,0.326923,168,0.1592,1
8,13,sigmoid,nuclear,last,20,10.0,2.026998,14.736024,5.256554e-04,0.423077,402,0.3548,1
8,13,sigmoid,nuclear,last,20,100.0,1.313160,9.546510,1.668088e-04,0.692308,1000,0.8923,0
8,13,sigmoid,nuclear,last,20,1000.0,0.774288,5.628979,3.391387e-05,0.846154,1000,0.8696,0
8,13,sigmoid,nuclear,last,20,10000.0,0.413923,3.009166,7.445403e-06,0.910256,1000,0.8835,0
8,13,sigmoid,spectral,all,1,1.0,1.986624,14.442509,3.865926e-03,0.506410,94,0.1244,1
8,13,sigmoid,spectral,all,1,10.0,1.816623,13.206626,2.022673e-03,0.519231,490,0.6474,1
8,13,sigmoid,spectral,all,1,100.0,1.105463,8.036581,4.139846e-04,0.769231,812,1.1642,1
8,13,sigmoid,spectral,all,1,1000.0,0.584075,4.246156,6.639401e-05,0.923077,1000,1.4174,0
8,13,sigmoid,spectral,all,1,10000.0,0.378557,2.752064,1.729264e-05,0.948718,950,1.2635,1
8,13,sigmoid,spectral,half,10,1.0,2.004720,14.574065,1.727081e-03,0.500000,71,0.0600,1
8,13,sigmoid,spectral,half,10,10.0,1.979833,14.393141,7.733293e-04,0.480769,539,0.4605,1
8,13,sigmoid,spectral,half,10,100.0,1.571426,11.424075,2.660391e-04,0.615385,741,0.6555,1
8,13,sigmoid,spectral,half,10,1000.0,1.002636,7.289041,5.221591e-05,0.820513,960,0.8185,1
8,13,sigmoid,spectral,half,10,10000.0,0.572882,4.164783,1.109057e-05,0.903846,1000,0.8636,0
8,13,sigmoid,spectral,last,20,1.0,2.004723,14.574091,1.726680e-03,0.500000,72,0.0578,1
8,13,sigmoid,spectral,last,20,10.0,1.980969,14.401399,7.725499e-04,0.480769,291,0.2466,1
8,13,sigmoid,spectral,last,20,100.0,1.574658,11.447566,2.791997e-04,0.608974,657,0.5371,1
8,13,sigmoid,spectral,last,20,1000.0,1.002253,7.286255,5.215157e-05,0.826923,957,0.7677,1
8,13,sigmoid,spectral,last,20,10000.0,0.572928,4.165116,1.109063e-05,0.903846,1000,0.7917,0
8,13,tanh,frobenius,all,1,1.0,1.511104,10.985541,4.356519e-02,0.583333,1000,1.1014,0
8,13,tanh,frobenius,all,1,10.0,0.732584,5.325796,1.087340e-02,0.839744,1000,1.1024,0
8,13,tanh,frobenius,all,1,100.0,0.352333,2.561420,1.788300e-03,0.916667,1000,1.1309,0
8,13,tanh,frobenius,all,1,1000.0,0.166791,1.212547,4.096543e-04,0.961538,1000,1.1514,0
8,13,tanh,frobenius,all,1,10000.0,0.077182,0.561106,8.920348e-05,0.987179,1000,1.1371,0
8,13,tanh,frobenius,half,10,1.0,1.879300,13.662279,3.566787e-02,0.371795,1000,0.6473,0
8,13,tanh,frobenius,half,10,10.0,1.231890,8.955687,2.015193e-02,0.673077,1000,0.7203,0
8,13,tanh,frobenius,half,10,100.0,0.783742,5.697707,1.570646e-02,0.769231,1000,0.7002,0
8,13,tanh,frobenius,half,10,1000.0,0.806254,5.861364,1.622131e-02,0.788462,1000,0.7376,0
8,13,tanh,frobenius,half,10,10000.0,0.811161,5.897043,1.705332e-02,0.762821,1000,0.6905,0
8,13,tanh,frobenius,last,20,1.0,1.673498,12.166121,2.321844e-02,0.474359,1000,0.6356,0
8,13,tanh,frobenius,last,20,10.0,1.431037,10.403461,1.890340e-02,0.500000,1000,0.6402,0
8,13,tanh,frobenius,last,20,100.0,1.228611,8.931853,1.144148e-02,0.557692,1000,0.6917,0
8,13,tanh,frobenius,last,20,1000.0,1.121209,8.151047,1.110282e-02,0.666667,1000,0.7303,0
8,13,tanh,frobenius,last,20,10000.0,1.400748,10.183263,1.483281e-02,0.442308,1000,0.7973,0
8,13,tanh,nuclear,all,1,1.0,1.171934,8.519812,2.963299e-02,0.673077,1000,1.3431,0
8,13,tanh,nuclear,all,1,10.0,0.476115,3.461296,5.435208e-03,0.878205,1000,1.2712,0
8,13,tanh,nuclear,all,1,100.0,0.222116,1.614752,1.138064e-03,0.929487,1000,1.3512,0
8,13,tanh,nuclear,all,1,1000.0,0.105827,0.769347,2.415781e-04,0.955128,1000,1.2826,0
8,13,tanh,nuclear,all,1,10000.0,0.050067,0.363983,5.101752e-05,0.993590,1000,1.2831,0
8,13,tanh,nuclear,half,10,1.0,1.540223,11.197227,2.876663e-02,0.538462,1000,0.8360,0
8,13,tanh,nuclear,half,10,10.0,0.919860,6.687271,1.627864e-02,0.705128,1000,0.9001,0
8,13,tanh,nuclear,half,10,100.0,0.511280,3.716944,7.806811e-03,0.884615,1000,0.8485,0
8,13,tanh,nuclear,half,10,1000.0,0.227902,1.656818,8.615267e-04,0.910256,1000,0.8715,0
8,13,tanh,nuclear,half,10,10000.0,0.064597,0.469616,6.971616e-05,0.974359,1000,0.8506,0
8,13,tanh,nuclear,last,20,1.0,1.434406,10.427952,2.282919e-02,0.506410,1000,0.8078,0
8,13,tanh,nuclear,last,20,10.0,1.240537,9.018552,1.577133e-02,0.570513,1000,0.8144,0
8,13,tanh,nuclear,last,20,100.0,1.229501,8.938323,1.650197e-02,0.583333,1000,0.8718,0
8,13,tanh,nuclear,last,20,1000.0,1.304987,9.487096,1.270175e-02,0.557692,1000,0.8117,0
8,13,tanh,nuclear,last,20,10000.0,1.338916,9.733750,1.394279e-02,0.532051,1000,0.8478,0
8,13,tanh,spectral,all,1,1.0,1.502010,10.919427,4.374352e-02,0.506410,1000,1.3409,0
8,13,tanh,spectral,all,1,10.0,0.684740,4.977975,1.043095e-02,0.839744,1000,1.3581,0
8,13,tanh,spectral,all,1,100.0,0.347369,2.525327,1.837188e-03,0.923077,1000,1.2784,0
8,13,tanh,spectral,all,1,1000.0,0.167630,1.218650,4.375295e-04,0.961538,1000,1.2122,0
8,13,tanh,spectral,all,1,10000.0,0.079516,0.578068,9.449058e-05,1.000000,1000,1.2530,0
8,13,tanh,spectral,half,10,1.0,1.719363,12.499555,3.535616e-02,0.506410,1000,0.7585,0
8,13,tanh,spectral,half,10,10.0,1.277290,9.285737,2.033752e-02,0.615385,1000,0.8642,0
8,13,tanh,spectral,half,10,100.0,0.976164,7.096589,1.579895e-02,0.698718,1000,0.7897,0
8,13,tanh,spectral,half,10,1000.0,0.731920,5.320966,1.192157e-02,0.814103,1000,0.7983,0
8,13,tanh,spectral,half,10,10000.0,0.753355,5.476795,1.691468e-02,0.833333,1000,0.7848,0
8,13,tanh,spectral,last,20,1.0,1.654750,12.029824,2.759542e-02,0.474359,1000,0.7941,0
8,13,tanh,spectral,last,20,10.0,1.357766,9.870788,1.842330e-02,0.538462,1000,0.7549,0
8,13,tanh,spectral,last,20,100.0,1.399217,10.172136,1.424052e-02,0.512821,1000,0.7655,0
8,13,tanh,spectral,last,20,1000.0,1.368839,9.951293,1.450266e-02,0.461538,1000,0.7866,0
8,13,tanh,spectral,last,20,10000.0,1.309849,9.522437,1.636023e-02,0.519231,1000,0.8948,0
9,14,sigmoid,frobenius,all,1,1.0,2.302663,18.365953,5.655062e-03,0.296703,153,0.2217,1
9,14,sigmoid,frobenius,all,1,10.0,1.906288,15.204482,1.708970e-03,0.505495,765,1.0912,1
9,14,sigmoid,frobenius,all,1,100.0,1.160114,9.253022,2.752794e-04,0.791209,1000,1.4180,0
9,14,sigmoid,frobenius,all,1,1000.0,0.723945,5.774158,5.807433e-05,0.917582,1000,1.2687,0
9,14,sigmoid,frobenius,all,1,10000.0,0.413327,3.296683,8.213690e-06,0.978022,1000,1.2174,0
9,14,sigmoid,frobenius,half,10,1.0,2.272360,18.124257,2.090188e-03,0.313187,137,0.1531,1
9,14,sigmoid,frobenius,half,10,10.0,2.194783,17.505502,1.212628e-03,0.368132,133,0.1590,1
9,14,sigmoid,frobenius,half,10,100.0,1.504046,11.996214,2.153961e-04,0.648352,992,1.0913,1
9,14,sigmoid,frobenius,half,10,1000.0,0.982927,7.839789,4.378186e-05,0.835165,1000,1.1676,0
9,14,sigmoid,frobenius,half,10,10000.0,0.526871,4.202302,8.797345e-06,0.923077,1000,1.1075,0
9,14,sigmoid,frobenius,last,20,1.0,2.265864,18.072446,2.050381e-03,0.318681,133,0.1403,1
9,14,sigmoid,frobenius,last,20,10.0,2.219202,17.700267,1.239171e-03,0.357143,509,0.5569,1
9,14,sigmoid,frobenius,last,20,100.0,1.640890,13.087676,1.905114e-04,0.620879,455,0.5284,1
9,14,sigmoid,frobenius,last,20,1000.0,0.982295,7.834746,4.369928e-05,0.835165,1000,1.1225,0
9,14,sigmoid,frobenius,last,20,10000.0,0.541252,4.317008,7.337250e-06,0.945055,1000,1.1450,0
9,14,sigmoid,nuclear,all,1,1.0,2.146387,17.119503,3.579485e-03,0.395604,428,0.5853,1
9,14,sigmoid,nuclear,all,1,10.0,1.502537,11.984180,9.443104e-04,0.653846,699,0.9473,1
9,14,sigmoid,nuclear,all,1,100.0,0.978847,7.807242,1.968196e-04,0.824176,1000,1.4233,0
9,14,sigmoid,nuclear,all,1,1000.0,0.578411,4.613386,3.887530e-05,0.928571,1000,1.4295,0
9,14,sigmoid,nuclear,all,1,10000.0,0.338993,2.703798,9.010972e-06,0.956044,1000,1.4216,0
9,14,sigmoid,nuclear,half,10,1.0,2.137435,17.048103,1.662632e-03,0.384615,96,0.1230,1
9,14,sigmoid,nuclear,half,10,10.0,1.850264,14.757634,6.602920e-04,0.500000,379,0.4862,1
9,14,sigmoid,nuclear,half,10,100.0,1.239665,9.887519,1.340272e-04,0.730769,1000,1.1964,0
9,14,sigmoid,nuclear,half,10,1000.0,0.780700,6.226832,2.997416e-05,0.846154,1000,1.2606,0
9,14,sigmoid,nuclear,half,10,10000.0,0.434201,3.463169,6.522347e-06,0.934066,1000,1.2307,0
9,14,sigmoid,nuclear,last,20,1.0,2.222562,17.727066,1.642370e-03,0.346154,409,0.5119,1
9,14,sigmoid,nuclear,last,20,10.0,1.858505,14.823365,6.913945e-04,0.500000,398,0.5471,1
9,14,sigmoid,nuclear,last,20,100.0,1.243302,9.916528,1.326832e-04,0.725275,1000,1.2079,0
9,14,sigmoid,nuclear,last,20,1000.0,0.774896,6.180544,3.011502e-05,0.862637,1000,1.1468,0
9,14,sigmoid,nuclear,last,20,10000.0,0.428393,3.416850,6.455910e-06,0.928571,1000,1.1901,0
9,14,sigmoid,spectral,all,1,1.0,2.037318,16.249569,4.961903e-03,0.494505,217,0.2880,1
9,14,sigmoid,spectral,all,1,10.0,1.882042,15.011099,2.004362e-03,0.478022,510,0.7179,1
9,14,sigmoid,spectral,all,1,100.0,1.199773,9.569346,2.988197e-04,0.802198,754,1.0865,1
9,14,sigmoid,spectral,all,1,1000.0,0.660922,5.271489,4.221533e-05,0.945055,1000,1.5065,0
9,14,sigmoid,spectral,all,1,10000.0,0.444378,3.544342,9.044053e-06,0.978022,801,1.2698,1
9,14,sigmoid,spectral,half,10,1.0,2.046326,16.321420,2.041779e-03,0.494505,235,0.2915,1
9,14,sigmoid,spectral,half,10,10.0,2.032073,16.207739,1.027878e-03,0.439560,368,0.4448,1
9,14,sigmoid,spectral,half,10,100.0,1.487340,11.862967,2.616051e-04,0.582418,1000,1.1574,0
9,14,sigmoid,spectral,half,10,1000.0,0.999709,7.973637,5.544977e-05,0.780220,1000,1.1701,0
9,14,sigmoid,spectral,half,10,10000.0,0.491499,3.920177,5.369501e-06,0.950549,1000,1.2273,0
9,14,sigmoid,spectral,last,20,1.0,2.046433,16.322272,2.041014e-03,0.494505,213,0.2796,1
9,14,sigmoid,spectral,last,20,10.0,2.047757,16.332828,8.432624e-04,0.467033,456,0.5360,1
9,14,sigmoid,spectral,last,20,100.0,1.488374,11.871213,2.629658e-04,0.576923,517,0.6161,1
9,14,sigmoid,spectral,last,20,1000.0,1.000207,7.977613,5.548283e-05,0.774725,1000,1.1801,0
9,14,sigmoid,spectral,last,20,10000.0,0.491919,3.923528,5.387590e-06,0.950549,1000,1.1766,0
9,14,tanh,frobenius,all,1,1.0,1.644122,13.113453,5.320763e-02,0.510989,1000,1.1133,0
9,14,tanh,frobenius,all,1,10.0,0.734622,5.859319,1.363418e-02,0.862637,1000,1.1800,0
9,14,tanh,frobenius,all,1,100.0,0.310314,2.475052,2.013721e-03,0.967033,1000,1.2919,0
9,14,tanh,frobenius,all,1,1000.0,0.146722,1.170247,4.526799e-04,0.983516,1000,1.1946,0
9,14,tanh,frobenius,all,1,10000.0,0.069049,0.550734,9.820371e-05,0.989011,1000,1.2234,0
9,14,tanh,frobenius,half,10,1.0,1.950202,15.554733,3.975839e-02,0.362637,1000,1.0484,0
9,14,tanh,frobenius,half,10,10.0,1.387753,11.068663,2.711659e-02,0.571429,1000,1.0251,0
9,14,tanh,frobenius,half,10,100.0,1.067938,8.517830,2.421466e-02,0.675824,1000,1.0685,0
9,14,tanh,frobenius,half,10,1000.0,0.960283,7.659183,2.254070e-02,0.708791,1000,1.0018,0
9,14,tanh,frobenius,half,10,10000.0,1.013775,8.085830,2.235622e-02,0.653846,1000,1.0471,0
9,14,tanh,frobenius,last,20,1.0,1.808679,14.425951,2.303393e-02,0.412088,1000,0.9522,0
9,14,tanh,frobenius,last,20,10.0,1.442836,11.508005,1.433275e-02,0.543956,1000,0.9816,0
9,14,tanh,frobenius,last,20,100.0,1.312962,10.472134,9.219230e-03,0.582418,1000,0.9916,0
9,14,tanh,frobenius,last,20,1000.0,1.329210,10.601730,1.341475e-02,0.565934,1000,0.9501,0
9,14,tanh,frobenius,last,20,10000.0,1.350461,10.771228,1.347123e-02,0.527473,1000,0.9537,0
9,14,tanh,nuclear,all,1,1.0,1.163815,9.282547,3.368081e-02,0.692308,1000,1.2976,0
9,14,tanh,nuclear,all,1,10.0,0.433126,3.454598,5.049065e-03,0.923077,1000,1.2945,0
9,14,tanh,nuclear,all,1,100.0,0.204094,1.627845,1.035379e-03,0.978022,1000,1.3333,0
9,14,tanh,nuclear,all,1,1000.0,0.093567,0.746283,2.298267e-04,0.983516,1000,1.3563,0
9,14,tanh,nuclear,all,1,10000.0,0.043074,0.343558,4.791712e-05,0.994505,1000,1.3766,0
9,14,tanh,nuclear,half,10,1.0,1.653728,13.190069,3.357985e-02,0.445055,1000,1.1650,0
9,14,tanh,nuclear,half,10,10.0,1.159845,9.250877,2.656921e-02,0.631868,1000,1.1912,0
9,14,tanh,nuclear,half,10,100.0,1.052616,8.395626,2.971193e-02,0.642857,1000,1.4662,0
9,14,tanh,nuclear,half,10,1000.0,0.776778,6.195553,1.814314e-02,0.818681,1000,1.1181,0
9,14,tanh,nuclear,half,10,10000.0,0.967615,7.717661,1.992876e-02,0.708791,1000,1.1835,0
9,14,tanh,nuclear,last,20,1.0,1.559553,12.438937,1.782923e-02,0.494505,1000,1.1268,0
9,14,tanh,nuclear,last,20,10.0,1.423385,11.352866,1.401265e-02,0.516484,1000,1.1316,0
9,14,tanh,nuclear,last,20,100.0,1.339700,10.685399,1.192390e-02,0.494505,1000,1.1572,0
9,14,tanh,nuclear,last,20,1000.0,1.304471,10.404409,1.482152e-02,0.543956,1000,1.1408,0
9,14,tanh,nuclear,last,20,10000.0,1.313314,10.474945,1.270007e-02,0.576923,1000,1.0294,0
9,14,tanh,spectral,all,1,1.0,1.576587,12.574796,5.301091e-02,0.598901,1000,1.2664,0
9,14,tanh,spectral,all,1,10.0,0.672410,5.363119,1.253765e-02,0.868132,1000,1.3105,0
9,14,tanh,spectral,all,1,100.0,0.301693,2.406290,2.065325e-03,0.950549,1000,1.3687,0
9,14,tanh,spectral,all,1,1000.0,0.146548,1.168864,4.909570e-04,0.967033,1000,1.2587,0
9,14,tanh,spectral,all,1,10000.0,0.066569,0.530952,1.019483e-04,0.983516,1000,1.3963,0
9,14,tanh,spectral,half,10,1.0,1.803068,14.381199,4.040136e-02,0.494505,1000,1.1037,0
9,14,tanh,spectral,half,10,10.0,1.395385,11.129534,3.322555e-02,0.565934,1000,1.2316,0
9,14,tanh,spectral,half,10,100.0,1.142613,9.113439,2.381952e-02,0.609890,1000,1.1313,0
9,14,tanh,spectral,half,10,1000.0,0.804222,6.414441,1.837881e-02,0.763736,1000,1.1450,0
9,14,tanh,spectral,half,10,10000.0,0.985327,7.858927,2.223460e-02,0.703297,1000,1.1795,0
9,14,tanh,spectral,last,20,1.0,1.766227,14.087362,2.801385e-02,0.461538,1000,1.0703,0
9,14,tanh,spectral,last,20,10.0,1.570126,12.523264,1.500050e-02,0.478022,1000,1.1813,0
9,14,tanh,spectral,last,20,100.0,1.489940,11.883701,1.294080e-02,0.483516,1000,1.1843,0
9,14,tanh,spectral,last,20,1000.0,1.314388,10.483509,1.373537e-02,0.505495,1000,1.2574,0
9,14,tanh,spectral,last,20,10000.0,1.353227,10.793284,1.230411e-02,0.587912,1000,1.1670,0
10,15,sigmoid,frobenius,all,1,1.0,2.373706,20.437124,5.959542e-03,0.233333,160,0.2094,1
10,15,sigmoid,frobenius,all,1,10.0,1.919581,16.527199,1.954408e-03,0.466667,818,1.0579,1
10,15,sigmoid,frobenius,all,1,100.0,1.077882,9.280341,3.612887e-04,0.785714,1000,1.2889,0
10,15,sigmoid,frobenius,all,1,1000.0,0.659491,5.678079,5.450590e-05,0.919048,774,1.0278,1
10,15,sigmoid,frobenius,all,1,10000.0,0.488047,4.201989,1.052610e-05,0.961905,1000,1.2961,0
10,15,sigmoid,frobenius,half,10,1.0,2.381458,20.503868,2.609379e-03,0.219048,170,0.1978,1
10,15,sigmoid,frobenius,half,10,10.0,2.133417,18.368287,1.228705e-03,0.361905,126,0.1544,1
10,15,sigmoid,frobenius,half,10,100.0,1.465419,12.616957,2.342589e-04,0.619048,1000,1.1458,0
10,15,sigmoid,frobenius,half,10,1000.0,0.895974,7.714151,4.439083e-05,0.809524,1000,1.2230,0
10,15,sigmoid,frobenius,half,10,10000.0,0.489803,4.217103,3.019423e-06,0.947619,1000,1.2469,0
10,15,sigmoid,frobenius,last,20,1.0,2.384210,20.527565,2.655026e-03,0.219048,174,0.2031,1
10,15,sigmoid,frobenius,last,20,10.0,2.169338,18.677557,7.275338e-04,0.333333,581,0.7076,1
10,15,sigmoid,frobenius,last,20,100.0,1.603034,13.801799,1.537750e-04,0.533333,1000,1.1324,0
10,15,sigmoid,frobenius,last,20,1000.0,0.929305,8.001126,4.417006e-05,0.771429,1000,1.2177,0
10,15,sigmoid,frobenius,last,20,10000.0,0.490348,4.221796,3.045860e-06,0.947619,1000,1.1835,0
10,15,sigmoid,nuclear,all,1,1.0,2.217881,19.095501,4.136650e-03,0.314286,1000,1.4273,0
10,15,sigmoid,nuclear,all,1,10.0,1.442205,12.417094,1.057748e-03,0.604762,1000,1.4871,0
10,15,sigmoid,nuclear,all,1,100.0,0.822815,7.084268,2.071301e-04,0.819048,1000,1.5149,0
10,15,sigmoid,nuclear,all,1,1000.0,0.530071,4.563805,3.925251e-05,0.909524,1000,1.4178,0
10,15,sigmoid,nuclear,all,1,10000.0,0.362295,3.119288,8.807223e-06,0.952381,1000,1.3661,0
10,15,sigmoid,nuclear,half,10,1.0,2.265587,19.506238,2.126350e-03,0.333333,584,0.7520,1
10,15,sigmoid,nuclear,half,10,10.0,1.871694,16.114903,7.812526e-04,0.509524,1000,1.2773,0
10,15,sigmoid,nuclear,half,10,100.0,1.163695,10.019173,1.474061e-04,0.723810,1000,1.2220,0
10,15,sigmoid,nuclear,half,10,1000.0,0.716540,6.169260,2.760759e-05,0.861905,1000,1.2226,0
10,15,sigmoid,nuclear,half,10,10000.0,0.507343,4.368118,5.302724e-06,0.942857,1000,1.1860,0
10,15,sigmoid,nuclear,last,20,1.0,2.263825,19.491069,2.084586e-03,0.323810,402,0.5311,1
10,15,sigmoid,nuclear,last,20,10.0,1.928259,16.601913,6.159764e-04,0.461905,1000,1.3736,0
10,15,sigmoid,nuclear,last,20,100.0,1.167315,10.050340,1.474004e-04,0.714286,1000,1.3617,0
10,15,sigmoid,nuclear,last,20,1000.0,0.715635,6.161470,2.719617e-05,0.861905,1000,1.3354,0
10,15,sigmoid,nuclear,last,20,10000.0,0.511320,4.402358,5.296418e-06,0.928571,1000,1.2940,0
10,15,sigmoid,spectral,all,1,1.0,2.083292,17.936716,4.904417e-03,0.400000,212,0.2958,1
10,15,sigmoid,spectral,all,1,10.0,1.798751,15.486882,2.016349e-03,0.480952,797,1.1155,1
10,15,sigmoid,spectral,all,1,100.0,1.056535,9.096547,3.911244e-04,0.819048,1000,1.4057,0
10,15,sigmoid,spectral,all,1,1000.0,0.475598,4.094802,1.371694e-05,0.957143,855,1.2679,1
10,15,sigmoid,spectral,all,1,10000.0,0.489627,4.215586,1.060610e-05,0.961905,1000,1.4315,0
10,15,sigmoid,spectral,half,10,1.0,2.097028,18.054987,2.025337e-03,0.404762,125,0.1550,1
10,15,sigmoid,spectral,half,10,10.0,1.992767,17.157315,1.047670e-03,0.423810,802,0.9735,1
10,15,sigmoid,spectral,half,10,100.0,1.536347,13.227634,3.282798e-04,0.542857,989,1.2949,1
10,15,sigmoid,spectral,half,10,1000.0,0.887646,7.642452,5.007807e-05,0.809524,1000,1.5187,0
10,15,sigmoid,spectral,half,10,10000.0,0.499716,4.302454,2.685163e-06,0.957143,1000,1.2926,0
10,15,sigmoid,spectral,last,20,1.0,2.096083,18.046845,1.993879e-03,0.404762,127,0.1619,1
10,15,sigmoid,spectral,last,20,10.0,2.012239,17.324969,6.130596e-04,0.423810,671,0.8261,1
10,15,sigmoid,spectral,last,20,100.0,1.563696,13.463100,1.898423e-04,0.547619,404,0.4940,1
10,15,sigmoid,spectral,last,20,1000.0,0.861023,7.413228,4.738391e-05,0.819048,1000,1.3048,0
10,15,sigmoid,spectral,last,20,10000.0,0.476611,4.103520,2.431262e-06,0.952381,1000,1.2370,0
10,15,tanh,frobenius,all,1,1.0,1.519661,13.083968,6.582468e-02,0.514286,1000,1.2630,0
10,15,tanh,frobenius,all,1,10.0,0.631280,5.435189,1.209191e-02,0.857143,1000,1.2793,0
10,15,tanh,frobenius,all,1,100.0,0.275825,2.374797,2.228028e-03,0.952381,1000,1.2163,0
10,15,tanh,frobenius,all,1,1000.0,0.122919,1.058304,4.928981e-04,0.985714,1000,1.2041,0
10,15,tanh,frobenius,all,1,10000.0,0.058924,0.507320,1.020685e-04,0.990476,1000,1.2360,0
10,15,tanh,frobenius,half,10,1.0,1.657358,14.269514,6.069890e-02,0.428571,1000,0.9957,0
10,15,tanh,frobenius,half,10,10.0,1.043800,8.986907,2.446167e-02,0.623810,1000,0.9869,0
10,15,tanh,frobenius,half,10,100.0,0.865210,7.449285,2.090602e-02,0.747619,1000,1.0164,0
10,15,tanh,frobenius,half,10,1000.0,0.880073,7.577248,2.397115e-02,0.738095,1000,1.0936,0
10,15,tanh,frobenius,half,10,10000.0,0.908162,7.819093,2.381280e-02,0.742857,1000,1.1173,0
10,15,tanh,frobenius,last,20,1.0,1.662426,14.313149,5.511577e-02,0.447619,1000,1.0585,0
10,15,tanh,frobenius,last,20,10.0,1.535448,13.219897,3.423834e-02,0.447619,1000,1.0392,0
10,15,tanh,frobenius,last,20,100.0,1.420799,12.232785,4.029727e-02,0.528571,1000,1.0297,0
10,15,tanh,frobenius,last,20,1000.0,1.491491,12.841430,4.543770e-02,0.438095,1000,1.0777,0
10,15,tanh,frobenius,last,20,10000.0,1.556231,13.398834,4.643412e-02,0.428571,1000,1.0073,0
10,15,tanh,nuclear,all,1,1.0,0.992586,8.545966,2.911939e-02,0.719048,1000,1.4198,0
10,15,tanh,nuclear,all,1,10.0,0.361757,3.114650,5.308860e-03,0.933333,1000,1.4563,0
10,15,tanh,nuclear,all,1,100.0,0.166885,1.436843,1.075906e-03,0.985714,1000,1.4234,0
10,15,tanh,nuclear,all,1,1000.0,0.075067,0.646312,2.301653e-04,0.990476,1000,1.4457,0
10,15,tanh,nuclear,all,1,10000.0,0.036228,0.311913,4.949425e-05,0.995238,1000,1.4269,0
10,15,tanh,nuclear,half,10,1.0,1.310064,11.279387,4.218609e-02,0.552381,1000,1.3051,0
10,15,tanh,nuclear,half,10,10.0,0.913839,7.867970,2.449900e-02,0.704762,1000,1.2135,0
10,15,tanh,nuclear,half,10,100.0,0.932195,8.026012,2.577712e-02,0.728571,1000,1.2163,0
10,15,tanh,nuclear,half,10,1000.0,0.908704,7.823754,2.389447e-02,0.742857,1000,1.1968,0
10,15,tanh,nuclear,half,10,10000.0,0.962607,8.287852,2.659134e-02,0.676190,1000,1.1569,0
10,15,tanh,nuclear,last,20,1.0,1.511990,13.017928,4.187205e-02,0.490476,1000,1.1059,0
10,15,tanh,nuclear,last,20,10.0,1.489311,12.822661,4.739609e-02,0.476190,1000,1.1805,0
10,15,tanh,nuclear,last,20,100.0,1.497409,12.892382,3.275440e-02,0.442857,1000,1.1284,0
10,15,tanh,nuclear,last,20,1000.0,1.501330,12.926141,4.097100e-02,0.471429,1000,1.1668,0
10,15,tanh,nuclear,last,20,10000.0,1.497690,12.894807,4.191171e-02,0.452381,1000,1.1119,0
10,15,tanh,spectral,all,1,1.0,1.353238,11.651099,5.026060e-02,0.595238,1000,1.3263,0
10,15,tanh,spectral,all,1,10.0,0.582111,5.011860,1.128182e-02,0.871429,1000,1.3130,0
10,15,tanh,spectral,all,1,100.0,0.274742,2.365470,2.340686e-03,0.957143,1000,1.4192,0
10,15,tanh,spectral,all,1,1000.0,0.122471,1.054446,4.679445e-04,0.980952,1000,1.4254,0
10,15,tanh,spectral,all,1,10000.0,0.054008,0.464997,1.191249e-04,0.980952,1000,1.4442,0
10,15,tanh,spectral,half,10,1.0,1.528577,13.160734,4.905782e-02,0.523810,1000,1.2157,0
10,15,tanh,spectral,half,10,10.0,1.146412,9.870372,3.145751e-02,0.666667,1000,1.2095,0
10,15,tanh,spectral,half,10,100.0,1.002802,8.633924,2.707639e-02,0.661905,1000,1.1759,0
10,15,tanh,spectral,half,10,1000.0,0.942955,8.118646,2.753809e-02,0.685714,1000,1.2506,0
10,15,tanh,spectral,half,10,10000.0,0.879446,7.571850,2.335844e-02,0.761905,1000,1.1220,0
10,15,tanh,spectral,last,20,1.0,1.784938,15.367948,4.506837e-02,0.409524,1000,1.1198,0
10,15,tanh,spectral,last,20,10.0,1.527709,13.153260,4.014278e-02,0.476190,1000,1.1304,0
10,15,tanh,spectral,last,20,100.0,1.497310,12.891534,3.720717e-02,0.452381,1000,1.2263,0
10,15,tanh,spectral,last,20,1000.0,1.502542,12.936581,3.857734e-02,0.485714,1000,1.1915,0
10,15,tanh,spectral,last,20,10000.0,1.491191,12.838851,3.649045e-02,0.457143,1000,1.1402,0
11,16,sigmoid,frobenius,all,1,1.0,2.372640,21.390309,4.855205e-03,0.283333,179,0.2272,1
11,16,sigmoid,frobenius,all,1,10.0,1.975488,17.809816,1.693836e-03,0.445833,931,1.3113,1
11,16,sigmoid,frobenius,all,1,100.0,1.137068,10.251130,3.366149e-04,0.816667,1000,1.3366,0
11,16,sigmoid,frobenius,all,1,1000.0,0.685380,6.178975,8.158285e-05,0.912500,1000,1.2855,0
11,16,sigmoid,frobenius,all,1,10000.0,0.320423,2.888742,1.660234e-05,0.966667,1000,1.2763,0
11,16,sigmoid,frobenius,half,10,1.0,2.392776,21.571844,2.212353e-03,0.275000,219,0.2204,1
11,16,sigmoid,frobenius,half,10,10.0,2.233544,20.136303,9.381551e-04,0.341667,753,0.8242,1
11,16,sigmoid,frobenius,half,10,100.0,1.613608,14.547324,1.962748e-04,0.575000,1000,1.1852,0
11,16,sigmoid,frobenius,half,10,1000.0,0.984402,8.874782,4.051598e-05,0.816667,1000,1.2159,0
11,16,sigmoid,frobenius,half,10,10000.0,0.544959,4.913025,9.910317e-06,0.920833,1000,1.1954,0
11,16,sigmoid,frobenius,last,20,1.0,2.389989,21.546716,2.209431e-03,0.275000,187,0.2185,1
11,16,sigmoid,frobenius,last,20,10.0,2.278066,20.537685,6.501974e-04,0.337500,1000,1.2045,0
11,16,sigmoid,frobenius,last,20,100.0,1.650675,14.881496,1.636590e-04,0.579167,1000,1.1106,0
11,16,sigmoid,frobenius,last,20,1000.0,0.979344,8.829182,4.037945e-05,0.820833,1000,1.0772,0
11,16,sigmoid,frobenius,last,20,10000.0,0.550065,4.959061,1.009201e-05,0.920833,1000,1.1603,0
11,16,sigmoid,nuclear,all,1,1.0,2.205182,19.880604,3.181833e-03,0.366667,576,0.8858,1
11,16,sigmoid,nuclear,all,1,10.0,1.470110,13.253632,9.163363e-04,0.637500,1000,1.5700,0
11,16,sigmoid,nuclear,all,1,100.0,0.868459,7.829504,2.073277e-04,0.825000,1000,1.6132,0
11,16,sigmoid,nuclear,all,1,1000.0,0.412234,3.716453,4.550243e-05,0.891667,1000,1.5018,0
11,16,sigmoid,nuclear,all,1,10000.0,0.191656,1.727855,9.737435e-06,0.954167,1000,1.6915,0
11,16,sigmoid,nuclear,half,10,1.0,2.292903,20.671442,1.720924e-03,0.325000,450,0.6711,1
11,16,sigmoid,nuclear,half,10,10.0,1.891860,17.055877,5.837311e-04,0.445833,419,0.5771,1
11,16,sigmoid,nuclear,half,10,100.0,1.239958,11.178717,1.254619e-04,0.662500,1000,1.3646,0
11,16,sigmoid,nuclear,half,10,1000.0,0.710075,6.401615,2.826143e-05,0.858333,1000,1.3348,0
11,16,sigmoid,nuclear,half,10,10000.0,0.345854,3.118012,6.064366e-06,0.941667,1000,1.3784,0
11,16,sigmoid,nuclear,last,20,1.0,2.289323,20.639168,1.680955e-03,0.316667,742,0.9817,1
11,16,sigmoid,nuclear,last,20,10.0,1.889411,17.033802,5.600193e-04,0.458333,1000,1.2408,0
11,16,sigmoid,nuclear,last,20,100.0,1.208997,10.899592,1.339778e-04,0.708333,477,0.5684,1
11,16,sigmoid,nuclear,last,20,1000.0,0.711227,6.411994,2.829902e-05,0.854167,1000,1.2609,0
11,16,sigmoid,nuclear,last,20,10000.0,0.344269,3.103719,6.002437e-06,0.950000,1000,1.3567,0
11,16,sigmoid,spectral,all,1,1.0,2.138089,19.275733,3.812478e-03,0.412500,182,0.2507,1
11,16,sigmoid,spectral,all,1,10.0,1.871636,16.873556,1.732401e-03,0.470833,615,0.8689,1
11,16,sigmoid,spectral,all,1,100.0,1.080936,9.745074,3.095099e-04,0.795833,928,1.4161,1
11,16,sigmoid,spectral,all,1,1000.0,0.605767,5.461233,6.902297e-05,0.925000,1000,1.5038,0
11,16,sigmoid,spectral,all,1,10000.0,0.319772,2.882870,1.733016e-05,0.966667,1000,1.5114,0
11,16,sigmoid,spectral,half,10,1.0,2.134706,19.245235,1.566999e-03,0.408333,202,0.2866,1
11,16,sigmoid,spectral,half,10,10.0,2.036021,18.355551,7.208007e-04,0.445833,434,0.5542,1
11,16,sigmoid,spectral,half,10,100.0,1.608598,14.502161,2.154085e-04,0.545833,912,1.1812,1
11,16,sigmoid,spectral,half,10,1000.0,0.947973,8.546357,4.136192e-05,0.791667,1000,1.2933,0
11,16,sigmoid,spectral,half,10,10000.0,0.542582,4.891600,9.917632e-06,0.925000,1000,1.3316,0
11,16,sigmoid,spectral,last,20,1.0,2.134701,19.245191,1.566891e-03,0.408333,222,0.2884,1
11,16,sigmoid,spectral,last,20,10.0,2.035919,18.354630,7.182554e-04,0.445833,403,0.4948,1
11,16,sigmoid,spectral,last,20,100.0,1.602929,14.451055,2.153779e-04,0.550000,899,1.0494,1
11,16,sigmoid,spectral,last,20,1000.0,0.950895,8.572705,4.118770e-05,0.795833,1000,1.3824,0
11,16,sigmoid,spectral,last,20,10000.0,0.542853,4.894034,9.923652e-06,0.925000,1000,1.4707,0
11,16,tanh,frobenius,all,1,1.0,1.450889,13.080346,4.707547e-02,0.545833,1000,1.3717,0
11,16,tanh,frobenius,all,1,10.0,0.757475,6.828938,1.201091e-02,0.791667,1000,1.2664,0
11,16,tanh,frobenius,all,1,100.0,0.313962,2.830498,1.843657e-03,0.941667,1000,1.2639,0
11,16,tanh,frobenius,all,1,1000.0,0.143565,1.294297,4.203686e-04,0.979167,1000,1.3219,0
11,16,tanh,frobenius,all,1,10000.0,0.066866,0.602826,8.694317e-05,0.991667,1000,1.2904,0
11,16,tanh,frobenius,half,10,1.0,1.533621,13.826209,5.468689e-02,0.483333,1000,1.0616,0
11,16,tanh,frobenius,half,10,10.0,1.003522,9.047154,1.877981e-02,0.666667,1000,1.0283,0
11,16,tanh,frobenius,half,10,100.0,0.978764,8.823948,2.869875e-02,0.708333,1000,1.0569,0
11,16,tanh,frobenius,half,10,1000.0,0.911899,8.221138,2.411982e-02,0.708333,1000,1.2102,0
11,16,tanh,frobenius,half,10,10000.0,0.906577,8.173154,2.226407e-02,0.733333,1000,1.1600,0
11,16,tanh,frobenius,last,20,1.0,1.631317,14.706981,3.450884e-02,0.466667,1000,1.1021,0
11,16,tanh,frobenius,last,20,10.0,1.447941,13.053775,3.320596e-02,0.500000,1000,1.0904,0
11,16,tanh,frobenius,last,20,100.0,1.416803,12.773048,2.148358e-02,0.508333,1000,1.1207,0
11,16,tanh,frobenius,last,20,1000.0,1.392293,12.552086,2.144857e-02,0.529167,1000,1.1010,0
11,16,tanh,frobenius,last,20,10000.0,1.465082,13.208305,2.773792e-02,0.479167,1000,1.0875,0
11,16,tanh,nuclear,all,1,1.0,1.012629,9.129258,2.395216e-02,0.679167,1000,1.4389,0
11,16,tanh,nuclear,all,1,10.0,0.397292,3.581747,4.488121e-03,0.925000,1000,1.4177,0
11,16,tanh,nuclear,all,1,100.0,0.184670,1.664873,9.589252e-04,0.962500,1000,1.4584,0
11,16,tanh,nuclear,all,1,1000.0,0.088469,0.797582,2.017017e-04,0.983333,1000,1.4304,0
11,16,tanh,nuclear,all,1,10000.0,0.040614,0.366150,4.254097e-05,0.983333,1000,1.4801,0
11,16,tanh,nuclear,half,10,1.0,1.280369,11.543038,3.698554e-02,0.591667,1000,1.1984,0
11,16,tanh,nuclear,half,10,10.0,0.770551,6.946831,1.616691e-02,0.791667,1000,1.1814,0
11,16,tanh,nuclear,half,10,100.0,0.803600,7.244777,1.690203e-02,0.733333,1000,1.2972,0
11,16,tanh,nuclear,half,10,1000.0,0.780052,7.032486,1.845319e-02,0.770833,1000,1.3128,0
11,16,tanh,nuclear,half,10,10000.0,0.889298,8.017380,1.954594e-02,0.750000,1000,1.2734,0
11,16,tanh,nuclear,last,20,1.0,1.498726,13.511618,3.139478e-02,0.487500,1000,1.1628,0
11,16,tanh,nuclear,last,20,10.0,1.431992,12.909983,3.477034e-02,0.525000,1000,1.2095,0
11,16,tanh,nuclear,last,20,100.0,1.340752,12.087423,2.468054e-02,0.529167,1000,1.1670,0
11,16,tanh,nuclear,last,20,1000.0,1.491898,13.450059,2.788897e-02,0.483333,1000,1.2024,0
11,16,tanh,nuclear,last,20,10000.0,1.436610,12.951617,3.454522e-02,0.483333,1000,1.2256,0
11,16,tanh,spectral,all,1,1.0,1.540600,13.889128,7.222250e-02,0.516667,1000,1.3427,0
11,16,tanh,spectral,all,1,10.0,0.756801,6.822863,1.503599e-02,0.779167,1000,1.4076,0
11,16,tanh,spectral,all,1,100.0,0.292396,2.636071,1.639112e-03,0.962500,1000,1.4695,0
11,16,tanh,spectral,all,1,1000.0,0.133496,1.203519,4.571269e-04,0.979167,1000,1.4856,0
11,16,tanh,spectral,all,1,10000.0,0.059912,0.540128,9.722949e-05,0.991667,1000,1.5086,0
11,16,tanh,spectral,half,10,1.0,1.577850,14.224953,5.037311e-02,0.525000,1000,1.2359,0
11,16,tanh,spectral,half,10,10.0,1.160296,10.460539,3.319602e-02,0.658333,1000,1.3261,0
11,16,tanh,spectral,half,10,100.0,0.831255,7.494095,1.634067e-02,0.720833,1000,1.2397,0
11,16,tanh,spectral,half,10,1000.0,0.786999,7.095117,2.007863e-02,0.745833,1000,1.2260,0
11,16,tanh,spectral,half,10,10000.0,0.940080,8.475197,2.585756e-02,0.687500,1000,1.2239,0
11,16,tanh,spectral,last,20,1.0,1.633538,14.727005,3.997616e-02,0.445833,1000,1.1799,0
11,16,tanh,spectral,last,20,10.0,1.510843,13.620854,2.463337e-02,0.479167,1000,1.1385,0
11,16,tanh,spectral,last,20,100.0,1.451393,13.084896,2.441013e-02,0.525000,1000,1.1954,0
11,16,tanh,spectral,last,20,1000.0,1.385521,12.491033,2.271613e-02,0.520833,1000,1.2417,0
11,16,tanh,spectral,last,20,10000.0,1.464371,13.201892,2.856808e-02,0.525000,1000,1.2469,0
12,17,sigmoid,frobenius,all,1,1.0,2.329118,22.844698,4.981710e-03,0.275735,219,0.2773,1
12,17,sigmoid,frobenius,all,1,10.0,1.894968,18.586426,1.710276e-03,0.452206,285,0.3416,1
12,17,sigmoid,frobenius,all,1,100.0,1.087910,10.670549,2.453114e-04,0.805147,1000,1.1507,0
12,17,sigmoid,frobenius,all,1,1000.0,0.694628,6.813121,4.242248e-05,0.922794,1000,1.1752,0
12,17,sigmoid,frobenius,all,1,10000.0,0.448815,4.402118,9.811717e-06,0.966912,1000,1.2684,0
12,17,sigmoid,frobenius,half,10,1.0,2.330110,22.854426,1.997710e-03,0.283088,215,0.1823,1
12,17,sigmoid,frobenius,half,10,10.0,2.172198,21.305578,9.390708e-04,0.349265,819,0.6912,1
12,17,sigmoid,frobenius,half,10,100.0,1.507437,14.785402,1.796770e-04,0.625000,571,0.4451,1
12,17,sigmoid,frobenius,half,10,1000.0,0.973987,9.553158,2.844798e-05,0.823529,1000,0.8291,0
12,17,sigmoid,frobenius,half,10,10000.0,0.630890,6.187965,5.206436e-06,0.937500,1000,0.8286,0
12,17,sigmoid,frobenius,last,20,1.0,2.330136,22.854686,1.997132e-03,0.283088,221,0.1603,1
12,17,sigmoid,frobenius,last,20,10.0,2.208142,21.658136,7.349156e-04,0.341912,631,0.4899,1
12,17,sigmoid,frobenius,last,20,100.0,1.681367,16.491364,1.254684e-04,0.544118,1000,0.7748,0
12,17,sigmoid,frobenius,last,20,1000.0,0.967099,9.485602,2.778034e-05,0.830882,1000,0.7773,0
12,17,sigmoid,frobenius,last,20,10000.0,0.629532,6.174641,5.159520e-06,0.933824,1000,0.7652,0
12,17,sigmoid,nuclear,all,1,1.0,2.134745,20.938233,3.318382e-03,0.382353,359,0.4756,1
12,17,sigmoid,nuclear,all,1,10.0,1.453975,14.261031,8.433998e-04,0.606618,1000,1.3224,0
12,17,sigmoid,nuclear,all,1,100.0,0.889509,8.724571,1.574874e-04,0.823529,1000,1.3494,0
12,17,sigmoid,nuclear,all,1,1000.0,0.590766,5.794416,3.500510e-05,0.922794,1000,1.5328,0
12,17,sigmoid,nuclear,all,1,10000.0,0.282382,2.769687,8.000635e-06,0.970588,1000,1.3225,0
12,17,sigmoid,nuclear,half,10,1.0,2.218137,21.756163,1.663351e-03,0.352941,114,0.1191,1
12,17,sigmoid,nuclear,half,10,10.0,1.843385,18.080486,5.482971e-04,0.518382,807,0.7162,1
12,17,sigmoid,nuclear,half,10,100.0,1.208925,11.857504,1.079743e-04,0.716912,1000,0.9387,0
12,17,sigmoid,nuclear,half,10,1000.0,0.796284,7.810197,2.146661e-05,0.845588,1000,0.9841,0
12,17,sigmoid,nuclear,half,10,10000.0,0.514169,5.043124,4.657046e-06,0.919118,1000,0.9612,0
12,17,sigmoid,nuclear,last,20,1.0,2.220665,21.780957,1.726602e-03,0.356618,191,0.1865,1
12,17,sigmoid,nuclear,last,20,10.0,1.930880,18.938660,4.342415e-04,0.448529,889,0.8144,1
12,17,sigmoid,nuclear,last,20,100.0,1.195454,11.725380,1.080173e-04,0.713235,1000,0.8972,0
12,17,sigmoid,nuclear,last,20,1000.0,0.788928,7.738042,2.124731e-05,0.849265,1000,0.8627,0
12,17,sigmoid,nuclear,last,20,10000.0,0.512781,5.029509,4.602945e-06,0.933824,1000,0.8848,0
12,17,sigmoid,spectral,all,1,1.0,2.098954,20.587186,4.227454e-03,0.419118,318,0.5012,1
12,17,sigmoid,spectral,all,1,10.0,1.762823,17.290309,1.747662e-03,0.496324,934,1.2170,1
12,17,sigmoid,spectral,all,1,100.0,1.045441,10.254007,2.836136e-04,0.786765,1000,1.3988,0
12,17,sigmoid,spectral,all,1,1000.0,0.599390,5.879000,2.788531e-05,0.941176,1000,1.3290,0
12,17,sigmoid,spectral,all,1,10000.0,0.448717,4.401156,9.807845e-06,0.966912,1000,1.3101,0
12,17,sigmoid,spectral,half,10,1.0,2.110861,20.703969,1.570016e-03,0.415441,160,0.1540,1
12,17,sigmoid,spectral,half,10,10.0,2.025000,19.861821,8.590633e-04,0.444853,748,0.6995,1
12,17,sigmoid,spectral,half,10,100.0,1.531314,15.019593,2.045649e-04,0.547794,1000,0.8799,0
12,17,sigmoid,spectral,half,10,1000.0,0.965989,9.474710,2.794048e-05,0.805147,1000,0.9078,0
12,17,sigmoid,spectral,half,10,10000.0,0.587345,5.760859,4.690560e-06,0.948529,1000,0.9086,0
12,17,sigmoid,spectral,last,20,1.0,2.111326,20.708534,1.572841e-03,0.411765,221,0.1857,1
12,17,sigmoid,spectral,last,20,10.0,2.071542,20.318312,5.266330e-04,0.400735,947,0.8470,1
12,17,sigmoid,spectral,last,20,100.0,1.661889,16.300314,1.640814e-04,0.525735,1000,0.8647,0
12,17,sigmoid,spectral,last,20,1000.0,0.963322,9.448553,2.771064e-05,0.805147,1000,0.8421,0
12,17,sigmoid,spectral,last,20,10000.0,0.598574,5.871001,5.224487e-06,0.941176,1000,0.8602,0
12,17,tanh,frobenius,all,1,1.0,1.369881,13.436209,8.876598e-02,0.591912,1000,1.0811,0
12,17,tanh,frobenius,all,1,10.0,0.477159,4.680117,1.499660e-02,0.911765,1000,1.0600,0
12,17,tanh,frobenius,all,1,100.0,0.202787,1.988994,2.681390e-03,0.959559,1000,1.1768,0
12,17,tanh,frobenius,all,1,1000.0,0.094912,0.930925,5.331667e-04,0.992647,1000,1.0651,0
12,17,tanh,frobenius,all,1,10000.0,0.044466,0.436137,1.144068e-04,1.000000,1000,1.1616,0
12,17,tanh,frobenius,half,10,1.0,1.609281,15.784317,8.990133e-02,0.452206,1000,0.7263,0
12,17,tanh,frobenius,half,10,10.0,1.176614,11.540594,6.938097e-02,0.639706,1000,0.7687,0
12,17,tanh,frobenius,half,10,100.0,1.035235,10.153901,5.595500e-02,0.683824,1000,0.8699,0
12,17,tanh,frobenius,half,10,1000.0,1.094212,10.732363,7.891079e-02,0.643382,1000,0.8455,0
12,17,tanh,frobenius,half,10,10000.0,1.095737,10.747325,8.365278e-02,0.639706,1000,0.7065,0
12,17,tanh,frobenius,last,20,1.0,1.546094,15.164562,5.831462e-02,0.496324,1000,0.7283,0
12,17,tanh,frobenius,last,20,10.0,1.426944,13.995906,5.301955e-02,0.500000,1000,0.7559,0
12,17,tanh,frobenius,last,20,100.0,1.366499,13.403038,4.620679e-02,0.544118,1000,0.7060,0
12,17,tanh,frobenius,last,20,1000.0,1.426671,13.993225,5.015285e-02,0.496324,1000,0.7611,0
12,17,tanh,frobenius,last,20,10000.0,1.421507,13.942575,5.036669e-02,0.529412,1000,0.7347,0
12,17,tanh,nuclear,all,1,1.0,0.736830,7.227057,3.634462e-02,0.812500,1000,1.2154,0
12,17,tanh,nuclear,all,1,10.0,0.264292,2.592255,5.834109e-03,0.944853,1000,1.2764,0
12,17,tanh,nuclear,all,1,100.0,0.128221,1.257634,1.137185e-03,0.981618,1000,1.2669,0
12,17,tanh,nuclear,all,1,1000.0,0.062836,0.616313,2.430718e-04,1.000000,1000,1.2741,0
12,17,tanh,nuclear,all,1,10000.0,0.027861,0.273270,5.361488e-05,1.000000,1000,1.3032,0
12,17,tanh,nuclear,half,10,1.0,1.244452,12.205963,6.801452e-02,0.595588,1000,0.8806,0
12,17,tanh,nuclear,half,10,10.0,1.147873,11.258689,6.774561e-02,0.650735,1000,0.8250,0
12,17,tanh,nuclear,half,10,100.0,1.048686,10.285833,8.068060e-02,0.683824,1000,0.8109,0
12,17,tanh,nuclear,half,10,1000.0,1.130948,11.092681,6.695926e-02,0.632353,1000,0.8685,0
12,17,tanh,nuclear,half,10,10000.0,1.027174,10.074832,6.432059e-02,0.694853,1000,0.9454,0
12,17,tanh,nuclear,last,20,1.0,1.452084,14.242480,7.253565e-02,0.492647,1000,0.9156,0
12,17,tanh,nuclear,last,20,10.0,1.323243,12.978769,6.540787e-02,0.518382,1000,0.8873,0
12,17,tanh,nuclear,last,20,100.0,1.333766,13.081987,5.278731e-02,0.540441,1000,0.8330,0
12,17,tanh,nuclear,last,20,1000.0,1.374207,13.478638,5.520251e-02,0.529412,1000,0.8846,0
12,17,tanh,nuclear,last,20,10000.0,1.424346,13.970425,5.204937e-02,0.522059,1000,0.8825,0
12,17,tanh,spectral,all,1,1.0,1.268449,12.441335,7.798469e-02,0.617647,1000,1.1873,0
12,17,tanh,spectral,all,1,10.0,0.468212,4.592368,1.557212e-02,0.893382,1000,1.2899,0
12,17,tanh,spectral,all,1,100.0,0.195652,1.919012,3.087619e-03,0.959559,1000,1.3150,0
12,17,tanh,spectral,all,1,1000.0,0.097509,0.956398,6.622034e-04,0.988971,1000,1.2831,0
12,17,tanh,spectral,all,1,10000.0,0.043579,0.427440,1.286257e-04,0.992647,1000,1.3064,0
12,17,tanh,spectral,half,10,1.0,1.558829,15.289475,9.110956e-02,0.503676,1000,0.8789,0
12,17,tanh,spectral,half,10,10.0,1.262249,12.380524,8.779572e-02,0.591912,1000,0.8948,0
12,17,tanh,spectral,half,10,100.0,1.022050,10.024574,6.293997e-02,0.702206,1000,0.9716,0
12,17,tanh,spectral,half,10,1000.0,1.040522,10.205756,6.846923e-02,0.698529,1000,0.9972,0
12,17,tanh,spectral,half,10,10000.0,1.032297,10.125081,7.356367e-02,0.654412,1000,0.9219,0
12,17,tanh,spectral,last,20,1.0,1.592551,15.620228,7.254730e-02,0.488971,1000,0.9507,0
12,17,tanh,spectral,last,20,10.0,1.485452,14.569770,5.917881e-02,0.463235,1000,0.8590,0
12,17,tanh,spectral,last,20,100.0,1.393736,13.670186,5.058210e-02,0.522059,1000,0.7929,0
12,17,tanh,spectral,last,20,1000.0,1.458626,14.306645,5.779556e-02,0.496324,1000,0.8989,0
12,17,tanh,spectral,last,20,10000.0,1.390765,13.641053,5.691417e-02,0.525735,1000,0.8799,0
13,18,sigmoid,frobenius,all,1,1.0,2.460610,25.046836,6.045733e-03,0.212418,385,0.5202,1
13,18,sigmoid,frobenius,all,1,10.0,1.866242,18.996700,1.919115e-03,0.467320,529,0.6648,1
13,18,sigmoid,frobenius,all,1,100.0,1.039475,10.580934,3.448544e-04,0.771242,1000,1.2577,0
13,18,sigmoid,frobenius,all,1,1000.0,0.595022,6.056800,6.316200e-05,0.937908,1000,1.3340,0
13,18,sigmoid,frobenius,all,1,10000.0,0.324343,3.301528,1.318258e-05,0.977124,1000,1.3751,0
13,18,sigmoid,frobenius,half,10,1.0,2.427527,24.710083,2.529131e-03,0.238562,298,0.2515,1
13,18,sigmoid,frobenius,half,10,10.0,2.235440,22.754804,1.104002e-03,0.297386,769,0.6807,1
13,18,sigmoid,frobenius,half,10,100.0,1.516393,15.435546,2.332264e-04,0.578431,1000,0.8901,0
13,18,sigmoid,frobenius,half,10,1000.0,0.891833,9.078077,3.966293e-05,0.774510,1000,0.8285,0
13,18,sigmoid,frobenius,half,10,10000.0,0.499273,5.082158,7.649356e-06,0.928105,1000,0.8450,0
13,18,sigmoid,frobenius,last,20,1.0,2.438161,24.818324,2.494560e-03,0.225490,347,0.2767,1
13,18,sigmoid,frobenius,last,20,10.0,2.303353,23.446098,5.570604e-04,0.251634,1000,0.8010,0
13,18,sigmoid,frobenius,last,20,100.0,1.674181,17.041686,1.377523e-04,0.500000,1000,0.8090,0
13,18,sigmoid,frobenius,last,20,1000.0,0.893958,9.099705,3.958545e-05,0.771242,1000,0.8411,0
13,18,sigmoid,frobenius,last,20,10000.0,0.505649,5.147056,7.878658e-06,0.924837,1000,0.8307,0
13,18,sigmoid,nuclear,all,1,1.0,2.178403,22.174217,4.087393e-03,0.307190,442,0.6199,1
13,18,sigmoid,nuclear,all,1,10.0,1.361908,13.863016,9.544817e-04,0.627451,1000,1.4041,0
13,18,sigmoid,nuclear,all,1,100.0,0.745144,7.584903,2.032322e-04,0.823529,1000,1.3612,0
13,18,sigmoid,nuclear,all,1,1000.0,0.413160,4.205603,4.211893e-05,0.941176,1000,1.3810,0
13,18,sigmoid,nuclear,all,1,10000.0,0.190628,1.940424,9.383801e-06,0.970588,1000,1.3654,0
13,18,sigmoid,nuclear,half,10,1.0,2.301276,23.424960,2.014816e-03,0.303922,186,0.2000,1
13,18,sigmoid,nuclear,half,10,10.0,1.799740,18.319763,6.293821e-04,0.490196,1000,0.9678,0
13,18,sigmoid,nuclear,half,10,100.0,1.076880,10.961689,1.297887e-04,0.715686,1000,1.0101,0
13,18,sigmoid,nuclear,half,10,1000.0,0.672765,6.848149,2.731587e-05,0.843137,1000,0.9909,0
13,18,sigmoid,nuclear,half,10,10000.0,0.359834,3.662793,5.969949e-06,0.934641,1000,0.9791,0
13,18,sigmoid,nuclear,last,20,1.0,2.333018,23.748066,1.674595e-03,0.277778,481,0.4996,1
13,18,sigmoid,nuclear,last,20,10.0,1.932349,19.669608,4.061963e-04,0.450980,1000,1.1199,0
13,18,sigmoid,nuclear,last,20,100.0,1.080350,10.997011,1.310570e-04,0.735294,1000,1.0313,0
13,18,sigmoid,nuclear,last,20,1000.0,0.689064,7.014064,2.723929e-05,0.849673,1000,0.9019,0
13,18,sigmoid,nuclear,last,20,10000.0,0.358861,3.652884,5.911945e-06,0.937908,1000,0.9869,0
13,18,sigmoid,spectral,all,1,1.0,2.119682,21.576489,4.838551e-03,0.411765,422,0.5674,1
13,18,sigmoid,spectral,all,1,10.0,1.748020,17.793297,2.101655e-03,0.493464,1000,1.3786,0
13,18,sigmoid,spectral,all,1,100.0,1.008609,10.266748,3.556685e-04,0.751634,1000,1.3479,0
13,18,sigmoid,spectral,all,1,1000.0,0.584510,5.949795,6.172373e-05,0.924837,1000,1.3800,0
13,18,sigmoid,spectral,all,1,10000.0,0.320127,3.258614,1.285859e-05,0.977124,1000,1.4703,0
13,18,sigmoid,spectral,half,10,1.0,2.140203,21.785381,1.702243e-03,0.405229,371,0.3774,1
13,18,sigmoid,spectral,half,10,10.0,2.053459,20.902402,9.128578e-04,0.418301,866,0.8228,1
13,18,sigmoid,spectral,half,10,100.0,1.452197,14.782087,2.554862e-04,0.558824,1000,1.0077,0
13,18,sigmoid,spectral,half,10,1000.0,0.822822,8.375605,3.546945e-05,0.813725,1000,1.1060,0
13,18,sigmoid,spectral,half,10,10000.0,0.486717,4.954354,8.141024e-06,0.931373,1000,1.0301,0
13,18,sigmoid,spectral,last,20,1.0,2.140867,21.792136,1.732261e-03,0.405229,323,0.2911,1
13,18,sigmoid,spectral,last,20,10.0,2.076421,21.136133,5.856433e-04,0.405229,1000,0.9110,0
13,18,sigmoid,spectral,last,20,100.0,1.553964,15.817979,1.985975e-04,0.539216,1000,0.9868,0
13,18,sigmoid,spectral,last,20,1000.0,0.829814,8.446769,3.651930e-05,0.807190,763,0.7474,1
13,18,sigmoid,spectral,last,20,10000.0,0.459858,4.680945,7.772000e-06,0.941176,1000,0.9214,0
13,18,tanh,frobenius,all,1,1.0,1.304875,13.282471,8.981038e-02,0.594771,1000,1.2110,0
13,18,tanh,frobenius,all,1,10.0,0.459159,4.673829,9.906090e-03,0.888889,1000,1.2165,0
13,18,tanh,frobenius,all,1,100.0,0.231442,2.355873,2.184245e-03,0.964052,1000,1.2035,0
13,18,tanh,frobenius,all,1,1000.0,0.099072,1.008465,4.909207e-04,0.977124,1000,1.1480,0
13,18,tanh,frobenius,all,1,10000.0,0.046036,0.468610,1.026625e-04,0.990196,1000,1.2324,0
13,18,tanh,frobenius,half,10,1.0,1.387627,14.124813,9.495135e-02,0.539216,1000,0.7716,0
13,18,tanh,frobenius,half,10,10.0,0.997614,10.154833,7.172758e-02,0.689542,1000,0.7997,0
13,18,tanh,frobenius,half,10,100.0,0.826204,8.410029,6.193837e-02,0.767974,1000,0.8414,0
13,18,tanh,frobenius,half,10,1000.0,1.019712,10.379764,7.333683e-02,0.669935,1000,0.8495,0
13,18,tanh,frobenius,half,10,10000.0,0.957760,9.749147,6.846075e-02,0.735294,1000,0.8113,0
13,18,tanh,frobenius,last,20,1.0,1.413870,14.391943,1.924419e-01,0.529412,1000,0.7484,0
13,18,tanh,frobenius,last,20,10.0,1.388190,14.130548,2.730859e-01,0.539216,1000,0.8372,0
13,18,tanh,frobenius,last,20,100.0,1.751654,17.830294,6.084014e-01,0.522876,1000,0.8207,0
13,18,tanh,frobenius,last,20,1000.0,1.313502,13.370292,1.488833e-01,0.529412,1000,0.8147,0
13,18,tanh,frobenius,last,20,10000.0,1.374234,13.988489,9.953201e-02,0.568627,1000,0.7127,0
13,18,tanh,nuclear,all,1,1.0,0.649077,6.607033,3.020511e-02,0.836601,1000,1.2853,0
13,18,tanh,nuclear,all,1,10.0,0.287277,2.924222,5.016614e-03,0.964052,1000,1.3160,0
13,18,tanh,nuclear,all,1,100.0,0.136986,1.394392,1.072902e-03,0.964052,1000,1.3283,0
13,18,tanh,nuclear,all,1,1000.0,0.078803,0.802141,1.160167e-03,0.970588,1000,1.3657,0
13,18,tanh,nuclear,all,1,10000.0,0.029053,0.295730,5.033368e-05,0.993464,1000,1.4770,0
13,18,tanh,nuclear,half,10,1.0,0.999824,10.177325,5.797789e-02,0.696078,1000,0.9919,0
13,18,tanh,nuclear,half,10,10.0,0.992718,10.104990,7.374221e-02,0.673203,1000,0.9829,0
13,18,tanh,nuclear,half,10,100.0,1.076871,10.961600,1.200258e-01,0.647059,1000,0.9277,0
13,18,tanh,nuclear,half,10,1000.0,0.944538,9.614566,6.081419e-02,0.699346,1000,0.8682,0
13,18,tanh,nuclear,half,10,10000.0,1.019093,10.373465,7.437169e-02,0.683007,1000,0.9395,0
13,18,tanh,nuclear,last,20,1.0,1.426617,14.521704,1.278624e-01,0.529412,1000,0.8766,0
13,18,tanh,nuclear,last,20,10.0,1.405624,14.308008,2.988332e-01,0.532680,1000,0.9038,0
13,18,tanh,nuclear,last,20,100.0,1.763696,17.952866,6.332703e-01,0.522876,1000,0.8518,0
13,18,tanh,nuclear,last,20,1000.0,1.261759,12.843592,3.267232e-01,0.545752,1000,0.9170,0
13,18,tanh,nuclear,last,20,10000.0,1.349269,13.734368,1.631407e-01,0.529412,1000,0.8645,0
13,18,tanh,spectral,all,1,1.0,1.271898,12.946800,8.575646e-02,0.643791,1000,1.2840,0
13,18,tanh,spectral,all,1,10.0,0.466250,4.746014,1.256686e-02,0.905229,1000,1.3308,0
13,18,tanh,spectral,all,1,100.0,0.205191,2.088661,2.196940e-03,0.967320,1000,1.3576,0
13,18,tanh,spectral,all,1,1000.0,0.096923,0.986588,5.130822e-04,0.986928,1000,1.3599,0
13,18,tanh,spectral,all,1,10000.0,0.047539,0.483903,1.157101e-04,0.993464,1000,1.3673,0
13,18,tanh,spectral,half,10,1.0,1.510960,15.380239,1.138173e-01,0.542484,1000,0.8826,0
13,18,tanh,spectral,half,10,10.0,1.099473,11.191663,7.753292e-02,0.627451,1000,0.8788,0
13,18,tanh,spectral,half,10,100.0,1.043988,10.626876,7.000492e-02,0.643791,1000,0.9544,0
13,18,tanh,spectral,half,10,1000.0,1.077490,10.967894,8.229516e-02,0.630719,1000,0.8947,0
13,18,tanh,spectral,half,10,10000.0,0.955201,9.723101,7.694817e-02,0.663399,1000,0.8784,0
13,18,tanh,spectral,last,20,1.0,1.518987,15.461950,1.221724e-01,0.470588,1000,0.9720,0
13,18,tanh,spectral,last,20,10.0,1.409342,14.345854,2.535070e-01,0.516340,1000,1.0840,0
13,18,tanh,spectral,last,20,100.0,1.752060,17.834422,6.125872e-01,0.522876,1000,0.9208,0
13,18,tanh,spectral,last,20,1000.0,1.361472,13.858585,8.936178e-02,0.581699,1000,0.8615,0
13,18,tanh,spectral,last,20,10000.0,1.311279,13.347663,1.161985e-01,0.552288,1000,0.8481,0
14,19,sigmoid,frobenius,all,1,1.0,2.453407,25.800795,4.882346e-03,0.225146,338,0.4400,1
14,19,sigmoid,frobenius,all,1,10.0,1.913929,20.127473,1.505914e-03,0.470760,1000,1.3832,0
14,19,sigmoid,frobenius,all,1,100.0,1.134480,11.930544,2.357365e-04,0.807018,1000,1.4582,0
14,19,sigmoid,frobenius,all,1,1000.0,0.719291,7.564284,4.183941e-05,0.935673,1000,1.5107,0
14,19,sigmoid,frobenius,all,1,10000.0,0.455540,4.790602,7.372635e-06,0.973684,1000,1.4992,0
14,19,sigmoid,frobenius,half,10,1.0,2.429076,25.544915,2.168086e-03,0.274854,228,0.2726,1
14,19,sigmoid,frobenius,half,10,10.0,2.259621,23.762883,1.055267e-03,0.339181,357,0.4397,1
14,19,sigmoid,frobenius,half,10,100.0,1.569594,16.506338,1.909873e-04,0.584795,1000,1.1885,0
14,19,sigmoid,frobenius,half,10,1000.0,0.942602,9.912693,2.962060e-05,0.836257,1000,1.2395,0
14,19,sigmoid,frobenius,half,10,10000.0,0.577050,6.068438,5.563527e-06,0.953216,1000,1.2781,0
14,19,sigmoid,frobenius,last,20,1.0,2.441316,25.673644,2.170710e-03,0.266082,310,0.3697,1
14,19,sigmoid,frobenius,last,20,10.0,2.298741,24.174275,4.445000e-04,0.318713,1000,1.1583,0
14,19,sigmoid,frobenius,last,20,100.0,1.652247,17.375543,1.626575e-04,0.526316,573,0.6917,1
14,19,sigmoid,frobenius,last,20,1000.0,0.915455,9.627207,2.883094e-05,0.842105,1000,1.2319,0
14,19,sigmoid,frobenius,last,20,10000.0,0.577861,6.076971,5.581774e-06,0.950292,1000,1.2283,0
14,19,sigmoid,nuclear,all,1,1.0,2.190331,23.034199,3.227397e-03,0.371345,1000,1.5347,0
14,19,sigmoid,nuclear,all,1,10.0,1.439044,15.133440,7.828629e-04,0.619883,260,0.4213,1
14,19,sigmoid,nuclear,all,1,100.0,0.908685,9.556010,1.528652e-04,0.795322,1000,1.5137,0
14,19,sigmoid,nuclear,all,1,1000.0,0.596137,6.269162,3.147509e-05,0.897661,1000,1.5324,0
14,19,sigmoid,nuclear,all,1,10000.0,0.318943,3.354101,6.292921e-06,0.967836,1000,1.5726,0
14,19,sigmoid,nuclear,half,10,1.0,2.356422,24.780865,1.723506e-03,0.295322,336,0.5030,1
14,19,sigmoid,nuclear,half,10,10.0,1.828697,19.231151,5.063623e-04,0.502924,939,1.3399,1
14,19,sigmoid,nuclear,half,10,100.0,1.204462,12.666501,1.071700e-04,0.701754,1000,1.4561,0
14,19,sigmoid,nuclear,half,10,1000.0,0.736878,7.749236,2.270260e-05,0.850877,1000,1.3733,0
14,19,sigmoid,nuclear,half,10,10000.0,0.448534,4.716919,4.512637e-06,0.944444,1000,1.3903,0
14,19,sigmoid,nuclear,last,20,1.0,2.367534,24.897720,1.472655e-03,0.298246,630,0.8885,1
14,19,sigmoid,nuclear,last,20,10.0,1.937885,20.379402,4.093009e-04,0.450292,1000,1.3241,0
14,19,sigmoid,nuclear,last,20,100.0,1.212021,12.745986,1.063408e-04,0.704678,1000,1.3322,0
14,19,sigmoid,nuclear,last,20,1000.0,0.754551,7.935090,2.246563e-05,0.845029,1000,1.3630,0
14,19,sigmoid,nuclear,last,20,10000.0,0.453989,4.774287,4.559726e-06,0.947368,1000,1.3392,0
14,19,sigmoid,spectral,all,1,1.0,2.104533,22.131929,4.236371e-03,0.435673,500,0.7244,1
14,19,sigmoid,spectral,all,1,10.0,1.772214,18.637159,1.558975e-03,0.508772,670,0.9894,1
14,19,sigmoid,spectral,all,1,100.0,1.097879,11.545640,2.646895e-04,0.795322,691,1.0393,1
14,19,sigmoid,spectral,all,1,1000.0,0.536030,5.637057,2.091313e-05,0.961988,1000,1.6263,0
14,19,sigmoid,spectral,all,1,10000.0,0.455471,4.789876,7.370020e-06,0.973684,1000,1.5970,0
14,19,sigmoid,spectral,half,10,1.0,2.090772,21.987210,1.158620e-03,0.429825,242,0.3369,1
14,19,sigmoid,spectral,half,10,10.0,2.025865,21.304629,7.384992e-04,0.447368,779,1.0114,1
14,19,sigmoid,spectral,half,10,100.0,1.527988,16.068794,2.102291e-04,0.567251,1000,1.3093,0
14,19,sigmoid,spectral,half,10,1000.0,0.896480,9.427665,3.475876e-05,0.821637,1000,1.3808,0
14,19,sigmoid,spectral,half,10,10000.0,0.538920,5.667453,4.480760e-06,0.970760,1000,1.3966,0
14,19,sigmoid,spectral,last,20,1.0,2.090744,21.986920,1.147975e-03,0.429825,186,0.2445,1
14,19,sigmoid,spectral,last,20,10.0,2.064027,21.705950,5.451747e-04,0.426901,863,1.1154,1
14,19,sigmoid,spectral,last,20,100.0,1.690049,17.773083,1.619335e-04,0.526316,1000,1.2645,0
14,19,sigmoid,spectral,last,20,1000.0,0.889867,9.358120,4.016131e-05,0.809942,1000,1.3145,0
14,19,sigmoid,spectral,last,20,10000.0,0.532038,5.595078,4.510850e-06,0.967836,1000,1.3147,0
14,19,tanh,frobenius,all,1,1.0,1.404444,14.769574,8.627234e-02,0.520468,1000,1.4029,0
14,19,tanh,frobenius,all,1,10.0,0.967073,10.170038,4.234998e-02,0.698830,1000,1.5441,0
14,19,tanh,frobenius,all,1,100.0,0.776419,8.165065,3.773912e-02,0.771930,1000,1.4596,0
14,19,tanh,frobenius,all,1,1000.0,0.727834,7.654131,3.479241e-02,0.777778,1000,1.4097,0
14,19,tanh,frobenius,all,1,10000.0,0.856166,9.003714,4.679391e-02,0.745614,1000,1.4130,0
14,19,tanh,frobenius,half,10,1.0,1.471039,15.469904,5.452367e-02,0.482456,1000,1.1461,0
14,19,tanh,frobenius,half,10,10.0,1.207335,12.696713,5.926233e-02,0.593567,1000,1.2002,0
14,19,tanh,frobenius,half,10,100.0,1.198436,12.603129,6.997802e-02,0.558480,1000,1.1355,0
14,19,tanh,frobenius,half,10,1000.0,1.227869,12.912658,4.662583e-02,0.593567,1000,1.1118,0
14,19,tanh,frobenius,half,10,10000.0,1.149700,12.090607,4.322365e-02,0.625731,1000,1.1800,0
14,19,tanh,frobenius,last,20,1.0,1.506722,15.845159,1.518922e-01,0.502924,1000,1.0749,0
14,19,tanh,frobenius,last,20,10.0,1.496799,15.740808,1.595023e-01,0.505848,1000,1.0748,0
14,19,tanh,frobenius,last,20,100.0,1.440567,15.149448,6.346354e-02,0.500000,1000,1.0558,0
14,19,tanh,frobenius,last,20,1000.0,1.482372,15.589082,4.682247e-02,0.497076,1000,1.0877,0
14,19,tanh,frobenius,last,20,10000.0,1.402449,14.748595,3.012801e-02,0.500000,1000,1.0819,0
14,19,tanh,nuclear,all,1,1.0,1.072210,11.275696,5.513183e-02,0.616959,1000,1.6554,0
14,19,tanh,nuclear,all,1,10.0,0.869092,9.139640,4.786682e-02,0.725146,1000,1.6303,0
14,19,tanh,nuclear,all,1,100.0,0.894096,9.402588,5.492759e-02,0.690058,1000,1.6086,0
14,19,tanh,nuclear,all,1,1000.0,0.777698,8.178519,3.999720e-02,0.742690,1000,1.5081,0
14,19,tanh,nuclear,all,1,10000.0,0.753909,7.928338,4.051247e-02,0.786550,1000,1.5933,0
14,19,tanh,nuclear,half,10,1.0,1.280712,13.468368,5.438782e-02,0.538012,1000,1.3097,0
14,19,tanh,nuclear,half,10,10.0,1.201117,12.631318,4.660110e-02,0.558480,1000,1.2815,0
14,19,tanh,nuclear,half,10,100.0,1.123700,11.817175,3.757687e-02,0.608187,1000,1.3260,0
14,19,tanh,nuclear,half,10,1000.0,1.165684,12.258693,3.969356e-02,0.593567,1000,1.2696,0
14,19,tanh,nuclear,half,10,10000.0,1.119182,11.769668,4.398513e-02,0.611111,1000,1.5325,0
14,19,tanh,nuclear,last,20,1.0,1.490588,15.675493,1.190497e-01,0.508772,1000,1.3329,0
14,19,tanh,nuclear,last,20,10.0,1.463234,15.387822,6.599546e-02,0.500000,1000,1.2470,0
14,19,tanh,nuclear,last,20,100.0,1.467020,15.427639,6.468191e-02,0.500000,1000,1.2145,0
14,19,tanh,nuclear,last,20,1000.0,1.495086,15.722789,3.743024e-02,0.532164,1000,1.2845,0
14,19,tanh,nuclear,last,20,10000.0,1.404303,14.768085,3.571278e-02,0.520468,1000,1.3165,0
14,19,tanh,spectral,all,1,1.0,1.471578,15.475573,7.110604e-02,0.540936,1000,1.4674,0
14,19,tanh,spectral,all,1,10.0,1.103076,11.600289,6.737032e-02,0.646199,1000,1.5509,0
14,19,tanh,spectral,all,1,100.0,0.957230,10.066534,5.515493e-02,0.707602,1000,1.5284,0
14,19,tanh,spectral,all,1,1000.0,0.752694,7.915566,4.206351e-02,0.769006,1000,1.6255,0
14,19,tanh,spectral,all,1,10000.0,0.711485,7.482200,2.821991e-02,0.795322,1000,1.6396,0
14,19,tanh,spectral,half,10,1.0,1.461011,15.364451,7.490788e-02,0.497076,1000,1.4103,0
14,19,tanh,spectral,half,10,10.0,1.228880,12.923281,5.799474e-02,0.593567,1000,1.3555,0
14,19,tanh,spectral,half,10,100.0,1.153858,12.134329,4.430357e-02,0.640351,1000,1.3325,0
14,19,tanh,spectral,half,10,1000.0,1.203355,12.654855,5.594104e-02,0.593567,1000,1.3897,0
14,19,tanh,spectral,half,10,10000.0,1.172681,12.332276,5.770721e-02,0.619883,1000,1.3104,0
14,19,tanh,spectral,last,20,1.0,1.502631,15.802136,1.135449e-01,0.514620,1000,1.2166,0
14,19,tanh,spectral,last,20,10.0,1.477038,15.532990,1.563687e-01,0.497076,1000,1.2321,0
14,19,tanh,spectral,last,20,100.0,1.455711,15.308706,8.520998e-02,0.514620,1000,1.3416,0
14,19,tanh,spectral,last,20,1000.0,1.428699,15.024646,3.854785e-02,0.473684,1000,1.3757,0
14,19,tanh,spectral,last,20,10000.0,1.385568,14.571067,3.436516e-02,0.511696,1000,1.2092,0
15,20,sigmoid,frobenius,all,1,1.0,2.467003,27.653669,6.985726e-03,0.228947,616,0.8866,1
15,20,sigmoid,frobenius,all,1,10.0,1.747492,19.588371,1.860355e-03,0.518421,1000,1.4973,0
15,20,sigmoid,frobenius,all,1,100.0,0.946755,10.612578,3.566154e-04,0.781579,1000,1.4241,0
15,20,sigmoid,frobenius,all,1,1000.0,0.504231,5.652132,4.425718e-05,0.960526,880,1.2622,1
15,20,sigmoid,frobenius,all,1,10000.0,0.335751,3.763571,1.394932e-05,0.973684,1000,1.4142,0
15,20,sigmoid,frobenius,half,10,1.0,2.453014,27.496866,3.156331e-03,0.231579,219,0.3198,1
15,20,sigmoid,frobenius,half,10,10.0,2.125870,23.829771,1.074616e-03,0.397368,1000,1.1999,0
15,20,sigmoid,frobenius,half,10,100.0,1.405084,15.750178,2.165684e-04,0.607895,1000,1.2182,0
15,20,sigmoid,frobenius,half,10,1000.0,0.791061,8.867340,4.056763e-05,0.842105,1000,1.1683,0
15,20,sigmoid,frobenius,half,10,10000.0,0.446403,5.003922,7.456728e-06,0.942105,1000,1.2265,0
15,20,sigmoid,frobenius,last,20,1.0,2.477218,27.768175,2.275852e-03,0.223684,738,0.8546,1
15,20,sigmoid,frobenius,last,20,10.0,2.219048,24.874240,5.973155e-04,0.347368,1000,1.1302,0
15,20,sigmoid,frobenius,last,20,100.0,1.500180,16.816142,1.284503e-04,0.586842,1000,1.1717,0
15,20,sigmoid,frobenius,last,20,1000.0,0.886253,9.934388,3.786310e-05,0.781579,1000,1.2220,0
15,20,sigmoid,frobenius,last,20,10000.0,0.437253,4.901352,6.801492e-06,0.936842,1000,1.2291,0
15,20,sigmoid,nuclear,all,1,1.0,2.078801,23.302155,4.078758e-03,0.378947,775,1.1715,1
15,20,sigmoid,nuclear,all,1,10.0,1.200043,13.451788,9.201590e-04,0.684211,1000,1.5046,0
15,20,sigmoid,nuclear,all,1,100.0,0.685696,7.686260,1.902716e-04,0.871053,1000,1.5128,0
15,20,sigmoid,nuclear,all,1,1000.0,0.396983,4.449950,4.250679e-05,0.955263,1000,1.6027,0
15,20,sigmoid,nuclear,all,1,10000.0,0.176594,1.979521,9.019577e-06,0.976316,1000,1.4830,0
15,20,sigmoid,nuclear,half,10,1.0,2.313830,25.936691,2.108351e-03,0.289474,536,0.7262,1
15,20,sigmoid,nuclear,half,10,10.0,1.679625,18.827619,5.658261e-04,0.550000,989,1.3236,1
15,20,sigmoid,nuclear,half,10,100.0,1.038799,11.644333,1.253925e-04,0.742105,1000,1.3640,0
15,20,sigmoid,nuclear,half,10,1000.0,0.594424,6.663146,2.694354e-05,0.886842,1000,1.3738,0
15,20,sigmoid,nuclear,half,10,10000.0,0.336600,3.773090,5.793313e-06,0.955263,1000,1.3460,0
15,20,sigmoid,nuclear,last,20,1.0,2.330323,26.121570,1.489412e-03,0.286842,1000,1.5633,0
15,20,sigmoid,nuclear,last,20,10.0,1.892921,21.218549,3.747485e-04,0.450000,1000,1.4375,0
15,20,sigmoid,nuclear,last,20,100.0,1.155171,12.948793,9.906575e-05,0.710526,1000,1.3044,0
15,20,sigmoid,nuclear,last,20,1000.0,0.594093,6.659441,2.648943e-05,0.886842,1000,1.2546,0
15,20,sigmoid,nuclear,last,20,10000.0,0.341606,3.829200,5.819714e-06,0.950000,1000,1.4262,0
15,20,sigmoid,spectral,all,1,1.0,2.107370,23.622391,5.679589e-03,0.447368,341,0.5084,1
15,20,sigmoid,spectral,all,1,10.0,1.667115,18.687388,2.044924e-03,0.560526,715,1.1218,1
15,20,sigmoid,spectral,all,1,100.0,0.913926,10.244586,4.258753e-04,0.813158,1000,1.5221,0
15,20,sigmoid,spectral,all,1,1000.0,0.485401,5.441061,3.483287e-05,0.960526,946,1.5549,1
15,20,sigmoid,spectral,all,1,10000.0,0.335691,3.762907,1.394671e-05,0.973684,1000,1.5548,0
15,20,sigmoid,spectral,half,10,1.0,2.156836,24.176877,1.807827e-03,0.415789,115,0.1537,1
15,20,sigmoid,spectral,half,10,10.0,1.956171,21.927542,9.290913e-04,0.457895,254,0.3321,1
15,20,sigmoid,spectral,half,10,100.0,1.381589,15.486810,2.236317e-04,0.634211,1000,1.3498,0
15,20,sigmoid,spectral,half,10,1000.0,0.767048,8.598167,4.034853e-05,0.800000,1000,1.2983,0
15,20,sigmoid,spectral,half,10,10000.0,0.437621,4.905477,5.638570e-06,0.944737,1000,1.3241,0
15,20,sigmoid,spectral,last,20,1.0,2.141484,24.004794,1.289519e-03,0.428947,459,0.5961,1
15,20,sigmoid,spectral,last,20,10.0,1.997197,22.387420,6.764143e-04,0.447368,633,0.8234,1
15,20,sigmoid,spectral,last,20,100.0,1.520858,17.047936,1.600623e-04,0.565789,1000,1.3112,0
15,20,sigmoid,spectral,last,20,1000.0,1.010133,11.323002,4.578595e-05,0.734211,1000,1.3699,0
15,20,sigmoid,spectral,last,20,10000.0,0.436600,4.894033,5.577848e-06,0.944737,1000,1.3873,0
15,20,tanh,frobenius,all,1,1.0,1.216842,13.640094,1.019526e-01,0.597368,1000,1.3132,0
15,20,tanh,frobenius,all,1,10.0,0.821843,9.212380,7.853967e-02,0.744737,1000,1.3016,0
15,20,tanh,frobenius,all,1,100.0,0.162038,1.816347,2.931139e-03,0.957895,1000,1.3477,0
15,20,tanh,frobenius,all,1,1000.0,0.316672,3.549704,2.232746e-02,0.931579,1000,1.3175,0
15,20,tanh,frobenius,all,1,10000.0,0.039138,0.438714,1.625615e-04,0.986842,1000,1.2289,0
15,20,tanh,frobenius,half,10,1.0,1.402166,15.717468,1.350087e-01,0.518421,1000,1.2311,0
15,20,tanh,frobenius,half,10,10.0,1.210129,13.564849,1.277163e-01,0.555263,1000,1.3231,0
15,20,tanh,frobenius,half,10,100.0,1.121833,12.575098,1.246466e-01,0.594737,1000,1.2055,0
15,20,tanh,frobenius,half,10,1000.0,1.163288,13.039785,1.249575e-01,0.565789,1000,1.1922,0
15,20,tanh,frobenius,half,10,10000.0,1.111627,12.460699,1.186148e-01,0.571053,1000,1.0909,0
15,20,tanh,frobenius,last,20,1.0,1.454815,16.307635,2.288809e-01,0.478947,1000,1.2129,0
15,20,tanh,frobenius,last,20,10.0,1.428619,16.013987,1.356350e-01,0.497368,1000,1.2307,0
15,20,tanh,frobenius,last,20,100.0,1.396089,15.649346,1.317463e-01,0.510526,1000,1.1708,0
15,20,tanh,frobenius,last,20,1000.0,1.396620,15.655297,1.205963e-01,0.502632,1000,1.1346,0
15,20,tanh,frobenius,last,20,10000.0,1.401861,15.714045,1.147403e-01,0.497368,1000,1.1440,0
15,20,tanh,nuclear,all,1,1.0,0.976815,10.949528,8.832084e-02,0.663158,1000,1.4521,0
15,20,tanh,nuclear,all,1,10.0,0.350237,3.925953,2.384616e-02,0.902632,1000,1.4536,0
15,20,tanh,nuclear,all,1,100.0,0.624627,7.001703,6.053653e-02,0.828947,1000,1.4423,0
15,20,tanh,nuclear,all,1,1000.0,0.309950,3.474356,1.810968e-02,0.921053,1000,1.5154,0
15,20,tanh,nuclear,all,1,10000.0,0.027781,0.311410,7.922143e-05,0.992105,1000,1.4029,0
15,20,tanh,nuclear,half,10,1.0,1.218752,13.661501,1.283442e-01,0.544737,1000,1.2123,0
15,20,tanh,nuclear,half,10,10.0,1.175594,13.177730,1.133604e-01,0.589474,1000,1.3161,0
15,20,tanh,nuclear,half,10,100.0,1.145706,12.842695,1.185716e-01,0.586842,1000,1.2469,0
15,20,tanh,nuclear,half,10,1000.0,1.155699,12.954712,1.247859e-01,0.542105,1000,1.3312,0
15,20,tanh,nuclear,half,10,10000.0,1.058757,11.868049,1.016835e-01,0.636842,1000,1.2730,0
15,20,tanh,nuclear,last,20,1.0,1.452000,16.276083,1.914837e-01,0.481579,1000,1.2275,0
15,20,tanh,nuclear,last,20,10.0,1.410723,15.813383,1.509120e-01,0.497368,1000,1.3121,0
15,20,tanh,nuclear,last,20,100.0,1.408630,15.789924,1.558463e-01,0.484211,1000,1.3283,0
15,20,tanh,nuclear,last,20,1000.0,1.364214,15.292052,1.243523e-01,0.507895,1000,1.3336,0
15,20,tanh,nuclear,last,20,10000.0,1.359292,15.236880,1.180709e-01,0.473684,1000,1.4641,0
15,20,tanh,spectral,all,1,1.0,1.429756,16.026739,1.328968e-01,0.505263,1000,1.4773,0
15,20,tanh,spectral,all,1,10.0,0.957326,10.731066,8.981892e-02,0.705263,1000,1.4828,0
15,20,tanh,spectral,all,1,100.0,0.707807,7.934108,7.124041e-02,0.797368,1000,1.5401,0
15,20,tanh,spectral,all,1,1000.0,0.241258,2.704363,1.231991e-02,0.928947,1000,1.4518,0
15,20,tanh,spectral,all,1,10000.0,0.038956,0.436679,1.672060e-04,0.997368,1000,1.4626,0
15,20,tanh,spectral,half,10,1.0,1.547313,17.344476,1.349264e-01,0.447368,1000,1.3127,0
15,20,tanh,spectral,half,10,10.0,1.256330,14.082734,1.334240e-01,0.581579,1000,1.3004,0
15,20,tanh,spectral,half,10,100.0,1.157665,12.976757,1.290816e-01,0.576316,1000,1.3105,0
15,20,tanh,spectral,half,10,1000.0,1.137650,12.752402,1.208308e-01,0.571053,1000,1.3127,0
15,20,tanh,spectral,half,10,10000.0,1.173241,13.151353,1.118402e-01,0.560526,1000,1.2929,0
15,20,tanh,spectral,last,20,1.0,1.490795,16.710943,2.077617e-01,0.486842,1000,1.3065,0
15,20,tanh,spectral,last,20,10.0,1.431667,16.048159,1.432458e-01,0.484211,1000,1.2685,0
15,20,tanh,spectral,last,20,100.0,1.377801,15.444354,1.199194e-01,0.481579,1000,1.2835,0
15,20,tanh,spectral,last,20,1000.0,1.385150,15.526727,8.147443e-02,0.494737,1000,1.2933,0
15,20,tanh,spectral,last,20,10000.0,1.405819,15.758410,1.051519e-01,0.492105,1000,1.2369,0
16,5,sigmoid,frobenius,all,1,1.0,2.527548,6.873984,7.479848e-03,0.100000,25,0.0176,1
16,5,sigmoid,frobenius,all,1,10.0,2.327677,6.330408,2.062006e-03,0.150000,35,0.0178,1
16,5,sigmoid,frobenius,all,1,100.0,1.795567,4.883270,9.544860e-04,0.350000,47,0.0264,1
16,5,sigmoid,frobenius,all,1,1000.0,0.849576,2.310527,1.938185e-04,0.800000,233,0.1055,1
16,5,sigmoid,frobenius,all,1,10000.0,0.413750,1.125245,4.313874e-05,0.900000,244,0.1110,1
16,5,sigmoid,frobenius,half,10,1.0,2.527067,6.872676,5.851355e-03,0.100000,29,0.0179,1
16,5,sigmoid,frobenius,half,10,10.0,2.329706,6.335926,9.811850e-04,0.150000,38,0.0179,1
16,5,sigmoid,frobenius,half,10,100.0,1.979822,5.384375,4.190594e-04,0.450000,96,0.0429,1
16,5,sigmoid,frobenius,half,10,1000.0,1.213926,3.301424,1.480154e-04,0.450000,287,0.1290,1
16,5,sigmoid,frobenius,half,10,10000.0,0.567620,1.543713,2.921887e-05,0.900000,283,0.1260,1
16,5,sigmoid,frobenius,last,20,1.0,2.527064,6.872668,5.851198e-03,0.100000,29,0.0173,1
16,5,sigmoid,frobenius,last,20,10.0,2.329705,6.335925,9.811661e-04,0.150000,38,0.0172,1
16,5,sigmoid,frobenius,last,20,100.0,1.979822,5.384373,4.189876e-04,0.450000,100,0.0453,1
16,5,sigmoid,frobenius,last,20,1000.0,1.213922,3.301412,1.480145e-04,0.450000,267,0.1166,1
16,5,sigmoid,frobenius,last,20,10000.0,0.567617,1.543706,2.921862e-05,0.900000,364,0.1737,1
16,5,sigmoid,nuclear,all,1,1.0,2.251625,6.123577,3.527503e-03,0.300000,55,0.0317,1
16,5,sigmoid,nuclear,all,1,10.0,2.174612,5.914130,1.850429e-03,0.250000,51,0.0277,1
16,5,sigmoid,nuclear,all,1,100.0,1.398724,3.804005,6.775017e-04,0.350000,188,0.0982,1
16,5,sigmoid,nuclear,all,1,1000.0,0.655130,1.781709,1.457190e-04,0.850000,306,0.1529,1
16,5,sigmoid,nuclear,all,1,10000.0,0.303073,0.824245,3.120769e-05,0.900000,344,0.1614,1
16,5,sigmoid,nuclear,half,10,1.0,2.165147,5.888387,3.971682e-03,0.250000,32,0.0159,1
16,5,sigmoid,nuclear,half,10,10.0,2.192744,5.963442,8.017406e-04,0.250000,50,0.0233,1
16,5,sigmoid,nuclear,half,10,100.0,1.883345,5.121993,4.153480e-04,0.350000,88,0.0442,1
16,5,sigmoid,nuclear,half,10,1000.0,0.960370,2.611848,1.019722e-04,0.750000,312,0.1458,1
16,5,sigmoid,nuclear,half,10,10000.0,0.463106,1.259474,2.204547e-05,0.850000,317,0.1446,1
16,5,sigmoid,nuclear,last,20,1.0,2.165115,5.888302,3.971689e-03,0.250000,32,0.0152,1
16,5,sigmoid,nuclear,last,20,10.0,2.192743,5.963438,8.017711e-04,0.250000,50,0.0229,1
16,5,sigmoid,nuclear,last,20,100.0,1.924491,5.233895,4.184601e-04,0.450000,124,0.0585,1
16,5,sigmoid,nuclear,last,20,1000.0,0.960368,2.611842,1.019717e-04,0.750000,287,0.1277,1
16,5,sigmoid,nuclear,last,20,10000.0,0.463108,1.259480,2.204573e-05,0.850000,261,0.1362,1
16,5,sigmoid,spectral,all,1,1.0,2.216748,6.028723,7.003852e-03,0.250000,25,0.0165,1
16,5,sigmoid,spectral,all,1,10.0,2.108973,5.735615,1.901307e-03,0.350000,57,0.0315,1
16,5,sigmoid,spectral,all,1,100.0,1.547333,4.208166,7.425946e-04,0.600000,126,0.0667,1
16,5,sigmoid,spectral,all,1,1000.0,0.849643,2.310709,2.250316e-04,0.750000,179,0.0917,1
16,5,sigmoid,spectral,all,1,10000.0,0.384673,1.046167,4.737291e-05,0.900000,213,0.1162,1
16,5,sigmoid,spectral,half,10,1.0,2.217854,6.031731,6.099722e-03,0.250000,24,0.0148,1
16,5,sigmoid,spectral,half,10,10.0,2.110371,5.739418,9.793405e-04,0.350000,36,0.0171,1
16,5,sigmoid,spectral,half,10,100.0,1.665738,4.530183,3.120434e-04,0.500000,106,0.0541,1
16,5,sigmoid,spectral,half,10,1000.0,1.201673,3.268100,1.510819e-04,0.600000,171,0.0985,1
16,5,sigmoid,spectral,half,10,10000.0,0.561305,1.526539,3.260040e-05,0.850000,235,0.1295,1
16,5,sigmoid,spectral,last,20,1.0,2.217853,6.031729,6.099679e-03,0.250000,24,0.0156,1
16,5,sigmoid,spectral,last,20,10.0,2.110372,5.739422,9.793537e-04,0.350000,36,0.0184,1
16,5,sigmoid,spectral,last,20,100.0,1.665741,4.530191,3.120417e-04,0.500000,124,0.0626,1
16,5,sigmoid,spectral,last,20,1000.0,1.201674,3.268103,1.510826e-04,0.600000,180,0.0907,1
16,5,sigmoid,spectral,last,20,10000.0,0.561301,1.526528,3.260006e-05,0.850000,192,0.1000,1
16,5,tanh,frobenius,all,1,1.0,2.180439,5.929976,4.504133e-02,0.150000,57,0.0276,1
16,5,tanh,frobenius,all,1,10.0,1.391154,3.783417,1.762204e-02,0.500000,75,0.0325,1
16,5,tanh,frobenius,all,1,100.0,0.560133,1.523353,2.091276e-03,0.950000,77,0.0341,1
16,5,tanh,frobenius,all,1,1000.0,0.308064,0.837818,6.645230e-04,1.000000,121,0.0543,1
16,5,tanh,frobenius,all,1,10000.0,0.136021,0.369926,1.356606e-04,1.000000,124,0.0532,1
16,5,tanh,frobenius,half,10,1.0,2.349979,6.391061,2.015585e-02,0.150000,90,0.0527,1
16,5,tanh,frobenius,half,10,10.0,2.014971,5.479965,5.152188e-03,0.350000,240,0.1175,1
16,5,tanh,frobenius,half,10,100.0,1.368596,3.722069,1.913238e-03,0.600000,157,0.0736,1
16,5,tanh,frobenius,half,10,1000.0,0.539649,1.467644,3.654687e-04,0.850000,177,0.0789,1
16,5,tanh,frobenius,half,10,10000.0,0.240659,0.654503,7.366798e-05,0.900000,189,0.0885,1
16,5,tanh,frobenius,last,20,1.0,2.289683,6.227080,1.329643e-02,0.250000,81,0.0464,1
16,5,tanh,frobenius,last,20,10.0,2.141862,5.825062,4.392224e-03,0.150000,401,0.1815,1
16,5,tanh,frobenius,last,20,100.0,1.606457,4.368962,4.604014e-04,0.450000,394,0.1744,1
16,5,tanh,frobenius,last,20,1000.0,1.165081,3.168584,3.076478e-04,0.800000,376,0.1602,1
16,5,tanh,frobenius,last,20,10000.0,0.498599,1.356004,9.969795e-05,0.800000,407,0.1684,1
16,5,tanh,nuclear,all,1,1.0,1.920802,5.223861,3.436088e-02,0.250000,58,0.0275,1
16,5,tanh,nuclear,all,1,10.0,0.979383,2.663554,1.065044e-02,0.600000,114,0.0538,1
16,5,tanh,nuclear,all,1,100.0,0.532339,1.447762,2.120595e-03,0.950000,79,0.0372,1
16,5,tanh,nuclear,all,1,1000.0,0.216876,0.589822,4.209487e-04,0.950000,156,0.0771,1
16,5,tanh,nuclear,all,1,10000.0,0.106304,0.289107,9.538325e-05,1.000000,125,0.0592,1
16,5,tanh,nuclear,half,10,1.0,2.324075,6.320614,1.874324e-02,0.150000,109,0.0499,1
16,5,tanh,nuclear,half,10,10.0,1.959218,5.328338,4.820709e-03,0.350000,243,0.1215,1
16,5,tanh,nuclear,half,10,100.0,1.098091,2.986396,1.483434e-03,0.750000,143,0.0650,1
16,5,tanh,nuclear,half,10,1000.0,0.681049,1.852197,2.282437e-03,0.750000,109,0.0492,1
16,5,tanh,nuclear,half,10,10000.0,0.188245,0.511955,6.014589e-05,0.850000,184,0.0882,1
16,5,tanh,nuclear,last,20,1.0,2.071439,5.633537,1.014088e-02,0.300000,94,0.0543,1
16,5,tanh,nuclear,last,20,10.0,1.841221,5.007430,3.430088e-03,0.350000,303,0.1214,1
16,5,tanh,nuclear,last,20,100.0,1.338370,3.639864,4.209476e-04,0.650000,345,0.1527,1
16,5,tanh,nuclear,last,20,1000.0,0.781050,2.124164,1.988877e-04,0.800000,270,0.1181,1
16,5,tanh,nuclear,last,20,10000.0,0.502979,1.367915,9.335596e-05,0.900000,276,0.1066,1
16,5,tanh,spectral,all,1,1.0,2.040893,5.550464,3.352211e-02,0.300000,48,0.0237,1
16,5,tanh,spectral,all,1,10.0,1.643724,4.470313,2.077299e-02,0.400000,64,0.0261,1
16,5,tanh,spectral,all,1,100.0,0.552929,1.503759,2.036763e-03,0.950000,72,0.0296,1
16,5,tanh,spectral,all,1,1000.0,0.307307,0.835759,6.701631e-04,1.000000,112,0.0459,1
16,5,tanh,spectral,all,1,10000.0,0.127490,0.346725,1.475418e-04,1.000000,104,0.0525,1
16,5,tanh,spectral,half,10,1.0,2.023459,5.503049,1.612289e-02,0.400000,48,0.0234,1
16,5,tanh,spectral,half,10,10.0,1.857415,5.051471,4.853854e-03,0.450000,110,0.0488,1
16,5,tanh,spectral,half,10,100.0,1.267240,3.446418,1.747522e-03,0.700000,110,0.0449,1
16,5,tanh,spectral,half,10,1000.0,0.533538,1.451023,3.621548e-04,0.850000,179,0.0723,1
16,5,tanh,spectral,half,10,10000.0,0.241980,0.658094,7.486641e-05,0.900000,138,0.0566,1
16,5,tanh,spectral,last,20,1.0,2.088373,5.679591,1.166130e-02,0.400000,82,0.0360,1
16,5,tanh,spectral,last,20,10.0,2.083593,5.666593,4.551981e-03,0.200000,331,0.1412,1
16,5,tanh,spectral,last,20,100.0,1.668703,4.538245,4.626846e-04,0.600000,179,0.0868,1
16,5,tanh,spectral,last,20,1000.0,1.160959,3.157373,3.102149e-04,0.800000,445,0.1922,1
16,5,tanh,spectral,last,20,10000.0,0.523055,1.422515,1.045328e-04,0.800000,299,0.1310,1
17,6,sigmoid,frobenius,all,1,1.0,2.204231,8.071646,6.228232e-03,0.200000,26,0.0175,1
17,6,sigmoid,frobenius,all,1,10.0,2.057652,7.534891,2.949768e-03,0.233333,66,0.0334,1
17,6,sigmoid,frobenius,all,1,100.0,1.344102,4.921950,9.573214e-04,0.600000,196,0.0996,1
17,6,sigmoid,frobenius,all,1,1000.0,0.655962,2.402059,1.793407e-04,0.866667,385,0.2052,1
17,6,sigmoid,frobenius,all,1,10000.0,0.306187,1.121221,2.273900e-05,0.966667,316,0.1593,1
17,6,sigmoid,frobenius,half,10,1.0,2.206957,8.081630,4.777686e-03,0.200000,31,0.0205,1
17,6,sigmoid,frobenius,half,10,10.0,2.053721,7.520497,1.147227e-03,0.233333,61,0.0277,1
17,6,sigmoid,frobenius,half,10,100.0,1.716381,6.285193,5.525112e-04,0.433333,237,0.1172,1
17,6,sigmoid,frobenius,half,10,1000.0,0.926055,3.391111,1.357096e-04,0.833333,406,0.2178,1
17,6,sigmoid,frobenius,half,10,10000.0,0.462245,1.692689,2.022455e-05,0.866667,298,0.1499,1
17,6,sigmoid,frobenius,last,20,1.0,2.206959,8.081634,4.777658e-03,0.200000,30,0.0198,1
17,6,sigmoid,frobenius,last,20,10.0,2.053722,7.520501,1.147159e-03,0.233333,63,0.0300,1
17,6,sigmoid,frobenius,last,20,100.0,1.715654,6.282532,5.521571e-04,0.433333,210,0.1050,1
17,6,sigmoid,frobenius,last,20,1000.0,0.926060,3.391129,1.357099e-04,0.833333,402,0.2013,1
17,6,sigmoid,frobenius,last,20,10000.0,0.462245,1.692690,2.022456e-05,0.866667,327,0.1558,1
17,6,sigmoid,nuclear,all,1,1.0,1.981658,7.256610,4.389979e-03,0.333333,42,0.0222,1
17,6,sigmoid,nuclear,all,1,10.0,1.707686,6.253356,1.959925e-03,0.433333,61,0.0332,1
17,6,sigmoid,nuclear,all,1,100.0,1.023396,3.747562,5.973015e-04,0.633333,243,0.1332,1
17,6,sigmoid,nuclear,all,1,1000.0,0.493785,1.808183,1.049750e-04,0.933333,281,0.1625,1
17,6,sigmoid,nuclear,all,1,10000.0,0.300625,1.100856,2.077959e-05,1.000000,365,0.2120,1
17,6,sigmoid,nuclear,half,10,1.0,1.981976,7.257774,2.767374e-03,0.333333,32,0.0188,1
17,6,sigmoid,nuclear,half,10,10.0,1.963180,7.188943,9.775288e-04,0.333333,105,0.0630,1
17,6,sigmoid,nuclear,half,10,100.0,1.393645,5.103371,4.387154e-04,0.600000,301,0.1693,1
17,6,sigmoid,nuclear,half,10,1000.0,0.698784,2.558868,8.038595e-05,0.933333,530,0.2882,1
17,6,sigmoid,nuclear,half,10,10000.0,0.389955,1.427972,1.423682e-05,0.933333,514,0.2656,1
17,6,sigmoid,nuclear,last,20,1.0,1.981976,7.257775,2.767300e-03,0.333333,32,0.0165,1
17,6,sigmoid,nuclear,last,20,10.0,1.861544,6.816763,9.073002e-04,0.400000,89,0.0477,1
17,6,sigmoid,nuclear,last,20,100.0,1.393441,5.102624,4.386340e-04,0.600000,314,0.1791,1
17,6,sigmoid,nuclear,last,20,1000.0,0.698777,2.558844,8.038449e-05,0.933333,527,0.2997,1
17,6,sigmoid,nuclear,last,20,10000.0,0.389956,1.427976,1.423679e-05,0.933333,437,0.2516,1
17,6,sigmoid,spectral,all,1,1.0,1.895723,6.941925,9.059662e-03,0.433333,44,0.0293,1
17,6,sigmoid,spectral,all,1,10.0,1.819894,6.664248,2.240878e-03,0.366667,98,0.0581,1
17,6,sigmoid,spectral,all,1,100.0,1.210919,4.434249,8.059657e-04,0.700000,140,0.0808,1
17,6,sigmoid,spectral,all,1,1000.0,0.631113,2.311064,1.735643e-04,0.800000,284,0.1630,1
17,6,sigmoid,spectral,all,1,10000.0,0.290710,1.064549,1.492553e-05,1.000000,205,0.1155,1
17,6,sigmoid,spectral,half,10,1.0,1.853413,6.786988,7.787801e-03,0.466667,34,0.0259,1
17,6,sigmoid,spectral,half,10,10.0,1.822381,6.673354,8.937134e-04,0.366667,73,0.0421,1
17,6,sigmoid,spectral,half,10,100.0,1.505506,5.512993,5.172911e-04,0.533333,79,0.0491,1
17,6,sigmoid,spectral,half,10,1000.0,0.900711,3.298303,1.659578e-04,0.566667,41,0.0289,1
17,6,sigmoid,spectral,half,10,10000.0,0.435775,1.595759,2.344815e-05,0.933333,314,0.1727,1
17,6,sigmoid,spectral,last,20,1.0,1.853413,6.786989,7.787822e-03,0.466667,34,0.0200,1
17,6,sigmoid,spectral,last,20,10.0,1.822381,6.673353,8.937125e-04,0.366667,73,0.0410,1
17,6,sigmoid,spectral,last,20,100.0,1.511335,5.534338,5.234484e-04,0.533333,124,0.0682,1
17,6,sigmoid,spectral,last,20,1000.0,0.900706,3.298283,1.659536e-04,0.566667,41,0.0280,1
17,6,sigmoid,spectral,last,20,10000.0,0.435775,1.595760,2.344813e-05,0.933333,319,0.1784,1
17,6,tanh,frobenius,all,1,1.0,1.808019,6.620764,4.335171e-02,0.400000,127,0.0568,1
17,6,tanh,frobenius,all,1,10.0,1.265248,4.633197,1.285980e-02,0.533333,119,0.0500,1
17,6,tanh,frobenius,all,1,100.0,0.553336,2.026254,2.385874e-03,0.900000,224,0.0913,1
17,6,tanh,frobenius,all,1,1000.0,0.289507,1.060144,3.312062e-04,0.966667,178,0.0745,1
17,6,tanh,frobenius,all,1,10000.0,0.168809,0.618158,6.558944e-05,1.000000,180,0.0769,1
17,6,tanh,frobenius,half,10,1.0,1.909389,6.991970,2.225272e-02,0.433333,89,0.0336,1
17,6,tanh,frobenius,half,10,10.0,1.601325,5.863874,9.023913e-03,0.500000,299,0.1170,1
17,6,tanh,frobenius,half,10,100.0,1.139167,4.171503,8.628740e-03,0.700000,440,0.1689,1
17,6,tanh,frobenius,half,10,1000.0,0.938696,3.437399,8.496369e-03,0.733333,342,0.1496,1
17,6,tanh,frobenius,half,10,10000.0,0.964867,3.533234,6.443960e-03,0.766667,795,0.3667,1
17,6,tanh,frobenius,last,20,1.0,1.753324,6.420474,1.764288e-02,0.400000,298,0.1397,1
17,6,tanh,frobenius,last,20,10.0,1.368212,5.010238,1.642670e-02,0.600000,562,0.2551,1
17,6,tanh,frobenius,last,20,100.0,1.329267,4.867628,1.609585e-02,0.600000,477,0.2261,1
17,6,tanh,frobenius,last,20,1000.0,1.325864,4.855165,1.609294e-02,0.600000,479,0.2167,1
17,6,tanh,frobenius,last,20,10000.0,1.248231,4.570883,4.315180e-03,0.733333,649,0.2802,1
17,6,tanh,nuclear,all,1,1.0,1.512991,5.540401,3.082774e-02,0.533333,108,0.0485,1
17,6,tanh,nuclear,all,1,10.0,0.914416,3.348487,6.869497e-03,0.733333,197,0.0876,1
17,6,tanh,nuclear,all,1,100.0,0.411448,1.506677,1.359033e-03,0.933333,213,0.0983,1
17,6,tanh,nuclear,all,1,1000.0,0.209818,0.768329,2.890195e-04,0.966667,279,0.1287,1
17,6,tanh,nuclear,all,1,10000.0,0.133492,0.488833,5.260860e-05,1.000000,216,0.0993,1
17,6,tanh,nuclear,half,10,1.0,1.756439,6.431882,1.390631e-02,0.433333,100,0.0428,1
17,6,tanh,nuclear,half,10,10.0,1.585087,5.804410,1.671939e-03,0.466667,452,0.2069,1
17,6,tanh,nuclear,half,10,100.0,1.092182,3.999449,6.726516e-03,0.733333,947,0.4618,1
17,6,tanh,nuclear,half,10,1000.0,0.926860,3.394058,8.495221e-03,0.733333,410,0.1885,1
17,6,tanh,nuclear,half,10,10000.0,0.758278,2.776730,6.229065e-03,0.733333,670,0.3275,1
17,6,tanh,nuclear,last,20,1.0,1.732303,6.343500,1.614665e-02,0.400000,299,0.1458,1
17,6,tanh,nuclear,last,20,10.0,1.353794,4.957442,1.630765e-02,0.600000,444,0.2166,1
17,6,tanh,nuclear,last,20,100.0,1.328401,4.864454,1.609549e-02,0.600000,451,0.2420,1
17,6,tanh,nuclear,last,20,1000.0,1.248369,4.571386,4.315213e-03,0.733333,660,0.3241,1
17,6,tanh,nuclear,last,20,10000.0,1.325520,4.853905,1.609291e-02,0.600000,480,0.2303,1
17,6,tanh,spectral,all,1,1.0,1.705870,6.246704,3.044150e-02,0.366667,191,0.0889,1
17,6,tanh,spectral,all,1,10.0,1.081262,3.959461,9.835819e-03,0.733333,99,0.0439,1
17,6,tanh,spectral,all,1,100.0,0.597972,2.189705,2.328642e-03,0.933333,145,0.0748,1
17,6,tanh,spectral,all,1,1000.0,0.286177,1.047947,3.288876e-04,0.966667,157,0.0816,1
17,6,tanh,spectral,all,1,10000.0,0.168738,0.617898,6.575844e-05,1.000000,173,0.0887,1
17,6,tanh,spectral,half,10,1.0,1.828531,6.695874,2.045740e-02,0.400000,120,0.0568,1
17,6,tanh,spectral,half,10,10.0,1.496359,5.479498,1.056611e-02,0.466667,295,0.1340,1
17,6,tanh,spectral,half,10,100.0,1.240678,4.543224,7.128276e-04,0.633333,831,0.3859,1
17,6,tanh,spectral,half,10,1000.0,0.969419,3.549902,6.445107e-03,0.766667,971,0.4818,1
17,6,tanh,spectral,half,10,10000.0,0.758563,2.777774,6.229094e-03,0.733333,673,0.3125,1
17,6,tanh,spectral,last,20,1.0,1.820896,6.667917,3.852339e-02,0.466667,409,0.1891,1
17,6,tanh,spectral,last,20,10.0,1.342223,4.915070,1.647441e-02,0.566667,575,0.2869,1
17,6,tanh,spectral,last,20,100.0,1.325609,4.854233,1.609530e-02,0.600000,403,0.2014,1
17,6,tanh,spectral,last,20,1000.0,1.248646,4.572400,4.315350e-03,0.733333,654,0.2926,1
17,6,tanh,spectral,last,20,10000.0,1.325492,4.853802,1.609291e-02,0.600000,498,0.2385,1
